{
"meta":{"test_sets":[],"test_metrics":[],"learn_metrics":[{"best_value":"Min","name":"Logloss"}],"launch_mode":"Train","parameters":"","iteration_count":1000,"learn_sets":["learn"],"name":"experiment"},
"iterations":[
{"learn":[0.6060732795],"iteration":0,"passed_time":0.02110376533,"remaining_time":21.08266156},
{"learn":[0.5295670527],"iteration":1,"passed_time":0.04282047027,"remaining_time":21.36741467},
{"learn":[0.4634186057],"iteration":2,"passed_time":0.06160079335,"remaining_time":20.47199699},
{"learn":[0.4061603619],"iteration":3,"passed_time":0.0807755977,"remaining_time":20.11312383},
{"learn":[0.3569781051],"iteration":4,"passed_time":0.1002737655,"remaining_time":19.95447934},
{"learn":[0.3140161882],"iteration":5,"passed_time":0.1185748703,"remaining_time":19.64390351},
{"learn":[0.2771766033],"iteration":6,"passed_time":0.1392284361,"remaining_time":19.75054815},
{"learn":[0.2453814511],"iteration":7,"passed_time":0.1602703874,"remaining_time":19.87352804},
{"learn":[0.2173147626],"iteration":8,"passed_time":0.1790834793,"remaining_time":19.71908088},
{"learn":[0.1935877509],"iteration":9,"passed_time":0.1970219756,"remaining_time":19.50517559},
{"learn":[0.1734646661],"iteration":10,"passed_time":0.2152379129,"remaining_time":19.35184508},
{"learn":[0.1557242962],"iteration":11,"passed_time":0.2334176316,"remaining_time":19.21805167},
{"learn":[0.1403722926],"iteration":12,"passed_time":0.2515489889,"remaining_time":19.09837323},
{"learn":[0.1271450562],"iteration":13,"passed_time":0.2699380799,"remaining_time":19.01135334},
{"learn":[0.1157637803],"iteration":14,"passed_time":0.2887559306,"remaining_time":18.96163944},
{"learn":[0.1057861125],"iteration":15,"passed_time":0.3063716472,"remaining_time":18.8418563},
{"learn":[0.09685747031],"iteration":16,"passed_time":0.3261018704,"remaining_time":18.85636109},
{"learn":[0.08685451588],"iteration":17,"passed_time":0.3451130628,"remaining_time":18.82783487},
{"learn":[0.08006341962],"iteration":18,"passed_time":0.363219822,"remaining_time":18.75361291},
{"learn":[0.07408956593],"iteration":19,"passed_time":0.386231587,"remaining_time":18.92534776},
{"learn":[0.06884051899],"iteration":20,"passed_time":0.4048229781,"remaining_time":18.87246169},
{"learn":[0.06416423683],"iteration":21,"passed_time":0.4250390607,"remaining_time":18.89491824},
{"learn":[0.05971434323],"iteration":22,"passed_time":0.4434383862,"remaining_time":18.83649145},
{"learn":[0.0558833786],"iteration":23,"passed_time":0.461473019,"remaining_time":18.76656944},
{"learn":[0.05247327222],"iteration":24,"passed_time":0.4807982855,"remaining_time":18.75113314},
{"learn":[0.04945876082],"iteration":25,"passed_time":0.5005268703,"remaining_time":18.7505066},
{"learn":[0.04657412474],"iteration":26,"passed_time":0.5207258454,"remaining_time":18.76541658},
{"learn":[0.04299059906],"iteration":27,"passed_time":0.5403516799,"remaining_time":18.7579226},
{"learn":[0.04072928231],"iteration":28,"passed_time":0.5605256604,"remaining_time":18.76794539},
{"learn":[0.0385748125],"iteration":29,"passed_time":0.5794050762,"remaining_time":18.73409746},
{"learn":[0.03680772209],"iteration":30,"passed_time":0.6001102663,"remaining_time":18.75828542},
{"learn":[0.034476699],"iteration":31,"passed_time":0.6197766753,"remaining_time":18.74824443},
{"learn":[0.03300612385],"iteration":32,"passed_time":0.6386848626,"remaining_time":18.71540188},
{"learn":[0.03167905281],"iteration":33,"passed_time":0.6584824468,"remaining_time":18.70864834},
{"learn":[0.03041885073],"iteration":34,"passed_time":0.6790207631,"remaining_time":18.72157247},
{"learn":[0.029324205],"iteration":35,"passed_time":0.7028641349,"remaining_time":18.82113961},
{"learn":[0.02831370244],"iteration":36,"passed_time":0.7207844586,"remaining_time":18.75987658},
{"learn":[0.02738042587],"iteration":37,"passed_time":0.737363649,"remaining_time":18.6669429},
{"learn":[0.02644199063],"iteration":38,"passed_time":0.757083974,"remaining_time":18.65532562},
{"learn":[0.02565320369],"iteration":39,"passed_time":0.7770798557,"remaining_time":18.64991654},
{"learn":[0.02487214658],"iteration":40,"passed_time":0.7966569611,"remaining_time":18.63400063},
{"learn":[0.02410408775],"iteration":41,"passed_time":0.816610122,"remaining_time":18.62648802},
{"learn":[0.02345500774],"iteration":42,"passed_time":0.8371875471,"remaining_time":18.63229029},
{"learn":[0.02286688136],"iteration":43,"passed_time":0.8583556804,"remaining_time":18.64972796},
{"learn":[0.02229424269],"iteration":44,"passed_time":0.8798264621,"remaining_time":18.6718727},
{"learn":[0.02176369545],"iteration":45,"passed_time":0.9002493794,"remaining_time":18.6703893},
{"learn":[0.02130201383],"iteration":46,"passed_time":0.9329242135,"remaining_time":18.91652714},
{"learn":[0.02084214442],"iteration":47,"passed_time":0.9516299498,"remaining_time":18.873994},
{"learn":[0.02042501564],"iteration":48,"passed_time":0.9708422273,"remaining_time":18.84226445},
{"learn":[0.02006007846],"iteration":49,"passed_time":0.992083198,"remaining_time":18.84958076},
{"learn":[0.01969596798],"iteration":50,"passed_time":1.011879416,"remaining_time":18.82889345},
{"learn":[0.01938118368],"iteration":51,"passed_time":1.030337401,"remaining_time":18.78384338},
{"learn":[0.0190715242],"iteration":52,"passed_time":1.049888786,"remaining_time":18.75933359},
{"learn":[0.01875559211],"iteration":53,"passed_time":1.069681721,"remaining_time":18.73923903},
{"learn":[0.0184963599],"iteration":54,"passed_time":1.090974481,"remaining_time":18.74492517},
{"learn":[0.01821578891],"iteration":55,"passed_time":1.120272821,"remaining_time":18.88459899},
{"learn":[0.01795982262],"iteration":56,"passed_time":1.141037541,"remaining_time":18.87716494},
{"learn":[0.0177180386],"iteration":57,"passed_time":1.159287094,"remaining_time":18.82842143},
{"learn":[0.01749016947],"iteration":58,"passed_time":1.177444558,"remaining_time":18.77924286},
{"learn":[0.01728774224],"iteration":59,"passed_time":1.197003359,"remaining_time":18.75305262},
{"learn":[0.01708679443],"iteration":60,"passed_time":1.214505941,"remaining_time":18.69542752},
{"learn":[0.016908074],"iteration":61,"passed_time":1.233742887,"remaining_time":18.66533593},
{"learn":[0.01671288854],"iteration":62,"passed_time":1.252581376,"remaining_time":18.62966269},
{"learn":[0.01652742376],"iteration":63,"passed_time":1.27136703,"remaining_time":18.59374282},
{"learn":[0.01635743384],"iteration":64,"passed_time":1.291279217,"remaining_time":18.5745549},
{"learn":[0.0162125262],"iteration":65,"passed_time":1.311507655,"remaining_time":18.55982045},
{"learn":[0.01577495189],"iteration":66,"passed_time":1.33030389,"remaining_time":18.52497805},
{"learn":[0.01565466647],"iteration":67,"passed_time":1.349175317,"remaining_time":18.49163816},
{"learn":[0.01552434161],"iteration":68,"passed_time":1.367184636,"remaining_time":18.44708545},
{"learn":[0.01541393567],"iteration":69,"passed_time":1.386616234,"remaining_time":18.42218711},
{"learn":[0.01531581225],"iteration":70,"passed_time":1.406182223,"remaining_time":18.3992012},
{"learn":[0.01521263056],"iteration":71,"passed_time":1.424852888,"remaining_time":18.36477055},
{"learn":[0.01511649331],"iteration":72,"passed_time":1.444313823,"remaining_time":18.34080704},
{"learn":[0.01500961018],"iteration":73,"passed_time":1.462700976,"remaining_time":18.30352842},
{"learn":[0.01491529679],"iteration":74,"passed_time":1.480456268,"remaining_time":18.25896064},
{"learn":[0.01481971417],"iteration":75,"passed_time":1.499291437,"remaining_time":18.22822747},
{"learn":[0.01473337583],"iteration":76,"passed_time":1.517298593,"remaining_time":18.18787794},
{"learn":[0.01464787353],"iteration":77,"passed_time":1.535211819,"remaining_time":18.14699098},
{"learn":[0.01456717493],"iteration":78,"passed_time":1.55369754,"remaining_time":18.11335993},
{"learn":[0.01449137463],"iteration":79,"passed_time":1.572744474,"remaining_time":18.08656145},
{"learn":[0.01442246112],"iteration":80,"passed_time":1.592448434,"remaining_time":18.06740878},
{"learn":[0.01435057011],"iteration":81,"passed_time":1.611567162,"remaining_time":18.04169091},
{"learn":[0.01428527982],"iteration":82,"passed_time":1.630108787,"remaining_time":18.00975612},
{"learn":[0.01422248713],"iteration":83,"passed_time":1.648334291,"remaining_time":17.97469299},
{"learn":[0.01417380666],"iteration":84,"passed_time":1.665642952,"remaining_time":17.93015648},
{"learn":[0.01411399498],"iteration":85,"passed_time":1.683486611,"remaining_time":17.8919391},
{"learn":[0.01406135851],"iteration":86,"passed_time":1.701790584,"remaining_time":17.85902073},
{"learn":[0.01388620057],"iteration":87,"passed_time":1.720223537,"remaining_time":17.8277712},
{"learn":[0.01382943646],"iteration":88,"passed_time":1.739243689,"remaining_time":17.80282023},
{"learn":[0.01377844987],"iteration":89,"passed_time":1.758047255,"remaining_time":17.77581114},
{"learn":[0.01373074672],"iteration":90,"passed_time":1.776784127,"remaining_time":17.74831617},
{"learn":[0.0136853777],"iteration":91,"passed_time":1.795262421,"remaining_time":17.71845955},
{"learn":[0.01349534391],"iteration":92,"passed_time":1.814089575,"remaining_time":17.69224995},
{"learn":[0.01335466199],"iteration":93,"passed_time":1.833761719,"remaining_time":17.67434167},
{"learn":[0.01322928212],"iteration":94,"passed_time":1.852423622,"remaining_time":17.6467724},
{"learn":[0.01309931339],"iteration":95,"passed_time":1.870876073,"remaining_time":17.61741636},
{"learn":[0.01307282059],"iteration":96,"passed_time":1.891458066,"remaining_time":17.60810963},
{"learn":[0.01304401234],"iteration":97,"passed_time":1.910229912,"remaining_time":17.58191205},
{"learn":[0.01301529984],"iteration":98,"passed_time":1.93170905,"remaining_time":17.58050357},
{"learn":[0.01298572445],"iteration":99,"passed_time":1.95057735,"remaining_time":17.55519615},
{"learn":[0.0129459111],"iteration":100,"passed_time":1.97200292,"remaining_time":17.55277847},
{"learn":[0.01292656782],"iteration":101,"passed_time":1.99337512,"remaining_time":17.54951821},
{"learn":[0.01290090989],"iteration":102,"passed_time":2.014051375,"remaining_time":17.53984547},
{"learn":[0.01287961547],"iteration":103,"passed_time":2.034160824,"remaining_time":17.52507786},
{"learn":[0.01285019654],"iteration":104,"passed_time":2.052490977,"remaining_time":17.49504214},
{"learn":[0.01282919169],"iteration":105,"passed_time":2.073101335,"remaining_time":17.48445843},
{"learn":[0.01281020921],"iteration":106,"passed_time":2.092865037,"remaining_time":17.46662129},
{"learn":[0.01278786974],"iteration":107,"passed_time":2.110763564,"remaining_time":17.43334351},
{"learn":[0.01276258312],"iteration":108,"passed_time":2.130229258,"remaining_time":17.41315843},
{"learn":[0.01273844898],"iteration":109,"passed_time":2.149520065,"remaining_time":17.39157143},
{"learn":[0.01272558031],"iteration":110,"passed_time":2.169270994,"remaining_time":17.37371093},
{"learn":[0.01270584236],"iteration":111,"passed_time":2.190675175,"remaining_time":17.3689246},
{"learn":[0.01268492275],"iteration":112,"passed_time":2.209904752,"remaining_time":17.34677447},
{"learn":[0.01266266969],"iteration":113,"passed_time":2.229201675,"remaining_time":17.32519899},
{"learn":[0.01264093857],"iteration":114,"passed_time":2.250139059,"remaining_time":17.31628754},
{"learn":[0.0126084639],"iteration":115,"passed_time":2.269116199,"remaining_time":17.29223035},
{"learn":[0.01258728624],"iteration":116,"passed_time":2.287989707,"remaining_time":17.26747787},
{"learn":[0.01257397854],"iteration":117,"passed_time":2.306291864,"remaining_time":17.23855444},
{"learn":[0.01256255309],"iteration":118,"passed_time":2.328086333,"remaining_time":17.23566436},
{"learn":[0.01253949084],"iteration":119,"passed_time":2.349507654,"remaining_time":17.2297228},
{"learn":[0.01252441649],"iteration":120,"passed_time":2.368271598,"remaining_time":17.20422095},
{"learn":[0.01250604002],"iteration":121,"passed_time":2.387250683,"remaining_time":17.18037787},
{"learn":[0.01249403074],"iteration":122,"passed_time":2.405448458,"remaining_time":17.15104307},
{"learn":[0.01248043697],"iteration":123,"passed_time":2.423580881,"remaining_time":17.12142622},
{"learn":[0.01246785204],"iteration":124,"passed_time":2.441151481,"remaining_time":17.08806036},
{"learn":[0.01245158435],"iteration":125,"passed_time":2.460733098,"remaining_time":17.06889466},
{"learn":[0.01243358386],"iteration":126,"passed_time":2.480517808,"remaining_time":17.05111848},
{"learn":[0.01241774353],"iteration":127,"passed_time":2.500119153,"remaining_time":17.03206173},
{"learn":[0.01240271705],"iteration":128,"passed_time":2.519778017,"remaining_time":17.0133849},
{"learn":[0.01239031895],"iteration":129,"passed_time":2.538112349,"remaining_time":16.9858288},
{"learn":[0.0123740244],"iteration":130,"passed_time":2.55862672,"remaining_time":16.97287496},
{"learn":[0.01235764227],"iteration":131,"passed_time":2.580009713,"remaining_time":16.96551841},
{"learn":[0.01234341096],"iteration":132,"passed_time":2.600904648,"remaining_time":16.9547694},
{"learn":[0.01232297943],"iteration":133,"passed_time":2.620463174,"remaining_time":16.93523216},
{"learn":[0.01231116165],"iteration":134,"passed_time":2.637954682,"remaining_time":16.90245037},
{"learn":[0.01229262872],"iteration":135,"passed_time":2.656077725,"remaining_time":16.87390555},
{"learn":[0.01227499838],"iteration":136,"passed_time":2.675403476,"remaining_time":16.85308905},
{"learn":[0.01225802075],"iteration":137,"passed_time":2.694280202,"remaining_time":16.82948938},
{"learn":[0.01222970058],"iteration":138,"passed_time":2.716767495,"remaining_time":16.8283224},
{"learn":[0.01222037573],"iteration":139,"passed_time":2.733981029,"remaining_time":16.79445489},
{"learn":[0.01219328393],"iteration":140,"passed_time":2.752843483,"remaining_time":16.77086916},
{"learn":[0.01218018757],"iteration":141,"passed_time":2.774127752,"remaining_time":16.76198318},
{"learn":[0.01217018899],"iteration":142,"passed_time":2.793488323,"remaining_time":16.74139505},
{"learn":[0.01215578954],"iteration":143,"passed_time":2.812915004,"remaining_time":16.72121697},
{"learn":[0.01214588553],"iteration":144,"passed_time":2.831216546,"remaining_time":16.6944148},
{"learn":[0.01213424173],"iteration":145,"passed_time":2.850418148,"remaining_time":16.67299383},
{"learn":[0.01212032452],"iteration":146,"passed_time":2.869257348,"remaining_time":16.64950012},
{"learn":[0.0121091034],"iteration":147,"passed_time":2.890124729,"remaining_time":16.63774506},
{"learn":[0.01210090534],"iteration":148,"passed_time":2.91078042,"remaining_time":16.62465864},
{"learn":[0.01207556968],"iteration":149,"passed_time":2.93163112,"remaining_time":16.61257635},
{"learn":[0.01205331895],"iteration":150,"passed_time":2.95172597,"remaining_time":16.59612813},
{"learn":[0.01203680488],"iteration":151,"passed_time":2.972176077,"remaining_time":16.5816139},
{"learn":[0.01201636985],"iteration":152,"passed_time":2.992247805,"remaining_time":16.56492739},
{"learn":[0.01200201944],"iteration":153,"passed_time":3.030121935,"remaining_time":16.64599453},
{"learn":[0.01199024019],"iteration":154,"passed_time":3.047226411,"remaining_time":16.61229882},
{"learn":[0.01198135905],"iteration":155,"passed_time":3.065317255,"remaining_time":16.58415233},
{"learn":[0.01197050107],"iteration":156,"passed_time":3.083120278,"remaining_time":16.5545885},
{"learn":[0.01195743157],"iteration":157,"passed_time":3.10264948,"remaining_time":16.53437255},
{"learn":[0.01193504189],"iteration":158,"passed_time":3.122682217,"remaining_time":16.51682858},
{"learn":[0.01192293804],"iteration":159,"passed_time":3.140308194,"remaining_time":16.48661802},
{"learn":[0.01191257865],"iteration":160,"passed_time":3.157822614,"remaining_time":16.45598244},
{"learn":[0.01189963993],"iteration":161,"passed_time":3.179080674,"remaining_time":16.4448741},
{"learn":[0.01189190892],"iteration":162,"passed_time":3.197546202,"remaining_time":16.41930166},
{"learn":[0.01188400276],"iteration":163,"passed_time":3.216208301,"remaining_time":16.39481793},
{"learn":[0.01185837986],"iteration":164,"passed_time":3.236529761,"remaining_time":16.37880213},
{"learn":[0.01184868954],"iteration":165,"passed_time":3.254786645,"remaining_time":16.35236182},
{"learn":[0.01184126913],"iteration":166,"passed_time":3.272025133,"remaining_time":16.32093973},
{"learn":[0.01183285037],"iteration":167,"passed_time":3.291351244,"remaining_time":16.30002521},
{"learn":[0.01182281559],"iteration":168,"passed_time":3.309205667,"remaining_time":16.27189296},
{"learn":[0.01181103168],"iteration":169,"passed_time":3.32816003,"remaining_time":16.24925191},
{"learn":[0.01180214236],"iteration":170,"passed_time":3.344938768,"remaining_time":16.21610666},
{"learn":[0.01179348074],"iteration":171,"passed_time":3.363221293,"remaining_time":16.19039087},
{"learn":[0.01178209849],"iteration":172,"passed_time":3.382410685,"remaining_time":16.16909617},
{"learn":[0.01177433595],"iteration":173,"passed_time":3.39952275,"remaining_time":16.13796432},
{"learn":[0.01176200558],"iteration":174,"passed_time":3.41794592,"remaining_time":16.11317362},
{"learn":[0.01174838962],"iteration":175,"passed_time":3.437733708,"remaining_time":16.09484418},
{"learn":[0.01173912782],"iteration":176,"passed_time":3.454394408,"remaining_time":16.06195818},
{"learn":[0.0117310652],"iteration":177,"passed_time":3.472135452,"remaining_time":16.03424349},
{"learn":[0.0117229512],"iteration":178,"passed_time":3.491407378,"remaining_time":16.01366177},
{"learn":[0.01171212592],"iteration":179,"passed_time":3.512221477,"remaining_time":16.00012006},
{"learn":[0.01168806767],"iteration":180,"passed_time":3.529875782,"remaining_time":15.97220036},
{"learn":[0.0116643784],"iteration":181,"passed_time":3.547954101,"remaining_time":15.9462992},
{"learn":[0.01165613246],"iteration":182,"passed_time":3.568140259,"remaining_time":15.92989394},
{"learn":[0.01164542161],"iteration":183,"passed_time":3.586838704,"remaining_time":15.9068499},
{"learn":[0.0116385967],"iteration":184,"passed_time":3.605260779,"remaining_time":15.88263532},
{"learn":[0.01162134935],"iteration":185,"passed_time":3.623121491,"remaining_time":15.85602631},
{"learn":[0.01160325428],"iteration":186,"passed_time":3.642685387,"remaining_time":15.83691561},
{"learn":[0.01159414428],"iteration":187,"passed_time":3.660826954,"remaining_time":15.81165684},
{"learn":[0.01157973198],"iteration":188,"passed_time":3.680762301,"remaining_time":15.79417051},
{"learn":[0.01157128521],"iteration":189,"passed_time":3.699700456,"remaining_time":15.77240721},
{"learn":[0.01155295311],"iteration":190,"passed_time":3.719423558,"remaining_time":15.75399821},
{"learn":[0.01153085768],"iteration":191,"passed_time":3.739929701,"remaining_time":15.73887082},
{"learn":[0.01152360307],"iteration":192,"passed_time":3.759510022,"remaining_time":15.71981652},
{"learn":[0.01150272316],"iteration":193,"passed_time":3.778882706,"remaining_time":15.69989413},
{"learn":[0.01149070922],"iteration":194,"passed_time":3.801880817,"remaining_time":15.69494389},
{"learn":[0.01148377455],"iteration":195,"passed_time":3.820618807,"remaining_time":15.67233429},
{"learn":[0.01146630418],"iteration":196,"passed_time":3.839490735,"remaining_time":15.65030995},
{"learn":[0.01145941037],"iteration":197,"passed_time":3.859282612,"remaining_time":15.63204371},
{"learn":[0.0114485559],"iteration":198,"passed_time":3.877493622,"remaining_time":15.60739895},
{"learn":[0.01143773646],"iteration":199,"passed_time":3.898191415,"remaining_time":15.59276566},
{"learn":[0.01142829251],"iteration":200,"passed_time":3.917739192,"remaining_time":15.57350057},
{"learn":[0.01141092022],"iteration":201,"passed_time":3.93608555,"remaining_time":15.54948648},
{"learn":[0.01140061455],"iteration":202,"passed_time":3.954284806,"remaining_time":15.52495069},
{"learn":[0.0113914123],"iteration":203,"passed_time":3.972339251,"remaining_time":15.49991198},
{"learn":[0.01137519015],"iteration":204,"passed_time":3.993017433,"remaining_time":15.48511639},
{"learn":[0.01135741969],"iteration":205,"passed_time":4.011558565,"remaining_time":15.4620267},
{"learn":[0.01134790101],"iteration":206,"passed_time":4.035191049,"remaining_time":15.45848552},
{"learn":[0.01133613344],"iteration":207,"passed_time":4.060454746,"remaining_time":15.4609623},
{"learn":[0.01132277203],"iteration":208,"passed_time":4.07947662,"remaining_time":15.43955027},
{"learn":[0.01130531333],"iteration":209,"passed_time":4.097595171,"remaining_time":15.41476279},
{"learn":[0.01129788825],"iteration":210,"passed_time":4.116941352,"remaining_time":15.39462904},
{"learn":[0.01128336386],"iteration":211,"passed_time":4.136544387,"remaining_time":15.37545744},
{"learn":[0.01126970586],"iteration":212,"passed_time":4.155301691,"remaining_time":15.35315695},
{"learn":[0.01125963138],"iteration":213,"passed_time":4.173217735,"remaining_time":15.32779972},
{"learn":[0.01124611817],"iteration":214,"passed_time":4.193598597,"remaining_time":15.31151116},
{"learn":[0.01123673377],"iteration":215,"passed_time":4.216193111,"remaining_time":15.30321944},
{"learn":[0.01121383383],"iteration":216,"passed_time":4.235441033,"remaining_time":15.28272041},
{"learn":[0.0112047682],"iteration":217,"passed_time":4.25716706,"remaining_time":15.2711222},
{"learn":[0.01118692418],"iteration":218,"passed_time":4.277918252,"remaining_time":15.25595505},
{"learn":[0.01117968125],"iteration":219,"passed_time":4.296257363,"remaining_time":15.2321852},
{"learn":[0.01116432549],"iteration":220,"passed_time":4.314753403,"remaining_time":15.20901765},
{"learn":[0.01114695671],"iteration":221,"passed_time":4.334477425,"remaining_time":15.19019566},
{"learn":[0.01113452357],"iteration":222,"passed_time":4.353031132,"remaining_time":15.16728785},
{"learn":[0.01112491499],"iteration":223,"passed_time":4.373594035,"remaining_time":15.15137934},
{"learn":[0.01111781568],"iteration":224,"passed_time":4.391317331,"remaining_time":15.12564858},
{"learn":[0.01110326326],"iteration":225,"passed_time":4.409516946,"remaining_time":15.10161998},
{"learn":[0.01109703035],"iteration":226,"passed_time":4.427595252,"remaining_time":15.07722965},
{"learn":[0.01108988784],"iteration":227,"passed_time":4.449462255,"remaining_time":15.06572308},
{"learn":[0.01108171079],"iteration":228,"passed_time":4.46907337,"remaining_time":15.04653087},
{"learn":[0.01107329437],"iteration":229,"passed_time":4.485454251,"remaining_time":15.01652075},
{"learn":[0.01106090561],"iteration":230,"passed_time":4.50530643,"remaining_time":14.99818461},
{"learn":[0.01104479088],"iteration":231,"passed_time":4.524182223,"remaining_time":14.97660322},
{"learn":[0.01103703885],"iteration":232,"passed_time":4.542968914,"remaining_time":14.95475175},
{"learn":[0.01102326643],"iteration":233,"passed_time":4.562930676,"remaining_time":14.93677307},
{"learn":[0.01101824086],"iteration":234,"passed_time":4.580698989,"remaining_time":14.91163713},
{"learn":[0.01100959792],"iteration":235,"passed_time":4.600818226,"remaining_time":14.89417426},
{"learn":[0.01099702117],"iteration":236,"passed_time":4.61987484,"remaining_time":14.87326794},
{"learn":[0.01098167709],"iteration":237,"passed_time":4.639428141,"remaining_time":14.85396741},
{"learn":[0.01097046298],"iteration":238,"passed_time":4.661768963,"remaining_time":14.84354051},
{"learn":[0.0109572557],"iteration":239,"passed_time":4.681474831,"remaining_time":14.8246703},
{"learn":[0.01094596569],"iteration":240,"passed_time":4.699324196,"remaining_time":14.79994633},
{"learn":[0.01093757496],"iteration":241,"passed_time":4.72062957,"remaining_time":14.78610419},
{"learn":[0.01092923911],"iteration":242,"passed_time":4.741429694,"remaining_time":14.77062666},
{"learn":[0.01092052261],"iteration":243,"passed_time":4.760600084,"remaining_time":14.750056},
{"learn":[0.0109122685],"iteration":244,"passed_time":4.779067391,"remaining_time":14.72733012},
{"learn":[0.01090169193],"iteration":245,"passed_time":4.797933736,"remaining_time":14.70586194},
{"learn":[0.01089573925],"iteration":246,"passed_time":4.816034932,"remaining_time":14.6820822},
{"learn":[0.01088441655],"iteration":247,"passed_time":4.837620128,"remaining_time":14.66891265},
{"learn":[0.01087007665],"iteration":248,"passed_time":4.857927663,"remaining_time":14.65182199},
{"learn":[0.01086217516],"iteration":249,"passed_time":4.875435417,"remaining_time":14.62630625},
{"learn":[0.01084827663],"iteration":250,"passed_time":4.895730467,"remaining_time":14.60917179},
{"learn":[0.01083581081],"iteration":251,"passed_time":4.914302709,"remaining_time":14.58689852},
{"learn":[0.01082199284],"iteration":252,"passed_time":4.932272704,"remaining_time":14.56287632},
{"learn":[0.01080985863],"iteration":253,"passed_time":4.950937808,"remaining_time":14.54094332},
{"learn":[0.01079542181],"iteration":254,"passed_time":4.969800538,"remaining_time":14.51961334},
{"learn":[0.0107883587],"iteration":255,"passed_time":4.987810176,"remaining_time":14.49582332},
{"learn":[0.01077744351],"iteration":256,"passed_time":5.00763073,"remaining_time":14.47731375},
{"learn":[0.01077215289],"iteration":257,"passed_time":5.026075231,"remaining_time":14.45483652},
{"learn":[0.01075942901],"iteration":258,"passed_time":5.04831881,"remaining_time":14.44325961},
{"learn":[0.01075399711],"iteration":259,"passed_time":5.079853487,"remaining_time":14.45804454},
{"learn":[0.01074353263],"iteration":260,"passed_time":5.096822387,"remaining_time":14.43123274},
{"learn":[0.01072849564],"iteration":261,"passed_time":5.114716393,"remaining_time":14.4071019},
{"learn":[0.01071943118],"iteration":262,"passed_time":5.134453558,"remaining_time":14.38818354},
{"learn":[0.01071362679],"iteration":263,"passed_time":5.154059764,"remaining_time":14.36889389},
{"learn":[0.01065089716],"iteration":264,"passed_time":5.177097872,"remaining_time":14.35912051},
{"learn":[0.01064041984],"iteration":265,"passed_time":5.194521108,"remaining_time":14.33375373},
{"learn":[0.01063551688],"iteration":266,"passed_time":5.211806038,"remaining_time":14.30806676},
{"learn":[0.01062445924],"iteration":267,"passed_time":5.228933115,"remaining_time":14.28201134},
{"learn":[0.01061885686],"iteration":268,"passed_time":5.247664256,"remaining_time":14.2603813},
{"learn":[0.01060535766],"iteration":269,"passed_time":5.267138876,"remaining_time":14.24078289},
{"learn":[0.01059544432],"iteration":270,"passed_time":5.284607581,"remaining_time":14.2157894},
{"learn":[0.01059052618],"iteration":271,"passed_time":5.301736283,"remaining_time":14.18994123},
{"learn":[0.01058020882],"iteration":272,"passed_time":5.318810569,"remaining_time":14.16401203},
{"learn":[0.01056959372],"iteration":273,"passed_time":5.336160149,"remaining_time":14.13887689},
{"learn":[0.01056221885],"iteration":274,"passed_time":5.355918969,"remaining_time":14.12015001},
{"learn":[0.01050939205],"iteration":275,"passed_time":5.37456221,"remaining_time":14.09848928},
{"learn":[0.010497259],"iteration":276,"passed_time":5.391762119,"remaining_time":14.07308308},
{"learn":[0.01049015386],"iteration":277,"passed_time":5.410806354,"remaining_time":14.05252585},
{"learn":[0.01047921532],"iteration":278,"passed_time":5.428301329,"remaining_time":14.02797583},
{"learn":[0.01046500736],"iteration":279,"passed_time":5.445556799,"remaining_time":14.00286034},
{"learn":[0.01039585331],"iteration":280,"passed_time":5.464493794,"remaining_time":13.98210334},
{"learn":[0.01038548575],"iteration":281,"passed_time":5.482260701,"remaining_time":13.95838008},
{"learn":[0.0103688701],"iteration":282,"passed_time":5.500155312,"remaining_time":13.93502247},
{"learn":[0.01030236662],"iteration":283,"passed_time":5.517939567,"remaining_time":13.91142511},
{"learn":[0.01023554555],"iteration":284,"passed_time":5.536368818,"remaining_time":13.88948668},
{"learn":[0.01022120097],"iteration":285,"passed_time":5.55529523,"remaining_time":13.86881397},
{"learn":[0.01015761078],"iteration":286,"passed_time":5.573460893,"remaining_time":13.84626347},
{"learn":[0.0101133662],"iteration":287,"passed_time":5.59157553,"remaining_time":13.82361728},
{"learn":[0.01004860836],"iteration":288,"passed_time":5.611024193,"remaining_time":13.80428443},
{"learn":[0.01003861912],"iteration":289,"passed_time":5.629656238,"remaining_time":13.78295148},
{"learn":[0.01003190514],"iteration":290,"passed_time":5.64778671,"remaining_time":13.76041504},
{"learn":[0.01000242199],"iteration":291,"passed_time":5.667122294,"remaining_time":13.74083077},
{"learn":[0.009944912912],"iteration":292,"passed_time":5.685996766,"remaining_time":13.72013554},
{"learn":[0.009930948991],"iteration":293,"passed_time":5.704128072,"remaining_time":13.69766809},
{"learn":[0.009921851834],"iteration":294,"passed_time":5.722167172,"remaining_time":13.67500968},
{"learn":[0.009912508302],"iteration":295,"passed_time":5.739429455,"remaining_time":13.65053492},
{"learn":[0.009890322962],"iteration":296,"passed_time":5.758094219,"remaining_time":13.6294284},
{"learn":[0.009877998421],"iteration":297,"passed_time":5.776880994,"remaining_time":13.6086257},
{"learn":[0.009825871044],"iteration":298,"passed_time":5.796123426,"remaining_time":13.58890476},
{"learn":[0.009815333007],"iteration":299,"passed_time":5.814204104,"remaining_time":13.56647624},
{"learn":[0.009804672367],"iteration":300,"passed_time":5.831870831,"remaining_time":13.54311532},
{"learn":[0.009794879291],"iteration":301,"passed_time":5.851036479,"remaining_time":13.5232565},
{"learn":[0.009782758505],"iteration":302,"passed_time":5.871349837,"remaining_time":13.50604236},
{"learn":[0.009775770707],"iteration":303,"passed_time":5.891620539,"remaining_time":13.48871018},
{"learn":[0.009764484206],"iteration":304,"passed_time":5.910013539,"remaining_time":13.46708003},
{"learn":[0.009710318697],"iteration":305,"passed_time":5.927658137,"remaining_time":13.44377368},
{"learn":[0.009666523667],"iteration":306,"passed_time":5.945585738,"remaining_time":13.42114305},
{"learn":[0.009656018908],"iteration":307,"passed_time":5.963309997,"remaining_time":13.3980861},
{"learn":[0.009649687329],"iteration":308,"passed_time":5.981923283,"remaining_time":13.37705174},
{"learn":[0.009637964711],"iteration":309,"passed_time":6.002024801,"remaining_time":13.35934552},
{"learn":[0.009629012343],"iteration":310,"passed_time":6.019722959,"remaining_time":13.33629942},
{"learn":[0.009617867128],"iteration":311,"passed_time":6.037933459,"remaining_time":13.31441737},
{"learn":[0.009607732514],"iteration":312,"passed_time":6.059905797,"remaining_time":13.3008156},
{"learn":[0.009597271542],"iteration":313,"passed_time":6.088228147,"remaining_time":13.30103347},
{"learn":[0.009569790911],"iteration":314,"passed_time":6.104854704,"remaining_time":13.27563642},
{"learn":[0.009562837558],"iteration":315,"passed_time":6.121170347,"remaining_time":13.24962189},
{"learn":[0.009555769776],"iteration":316,"passed_time":6.139260801,"remaining_time":13.22749251},
{"learn":[0.009548568881],"iteration":317,"passed_time":6.158089983,"remaining_time":13.20697286},
{"learn":[0.009538468713],"iteration":318,"passed_time":6.177275623,"remaining_time":13.18722476},
{"learn":[0.009526142421],"iteration":319,"passed_time":6.197391445,"remaining_time":13.16945682},
{"learn":[0.009476039164],"iteration":320,"passed_time":6.215904601,"remaining_time":13.14828419},
{"learn":[0.009429809001],"iteration":321,"passed_time":6.23387203,"remaining_time":13.125979},
{"learn":[0.009420548373],"iteration":322,"passed_time":6.251539112,"remaining_time":13.10307114},
{"learn":[0.009409845113],"iteration":323,"passed_time":6.270535186,"remaining_time":13.08296848},
{"learn":[0.009401522692],"iteration":324,"passed_time":6.289836743,"remaining_time":13.06350708},
{"learn":[0.009378617495],"iteration":325,"passed_time":6.307753825,"remaining_time":13.04118429},
{"learn":[0.009371096664],"iteration":326,"passed_time":6.325863744,"remaining_time":13.01928532},
{"learn":[0.009363413531],"iteration":327,"passed_time":6.342937145,"remaining_time":12.99528586},
{"learn":[0.009354784601],"iteration":328,"passed_time":6.360724499,"remaining_time":12.97278462},
{"learn":[0.009346159174],"iteration":329,"passed_time":6.378971075,"remaining_time":12.9512443},
{"learn":[0.00933581088],"iteration":330,"passed_time":6.397680596,"remaining_time":12.93065957},
{"learn":[0.009310183892],"iteration":331,"passed_time":6.416117948,"remaining_time":12.90953852},
{"learn":[0.009302789168],"iteration":332,"passed_time":6.433492357,"remaining_time":12.88630451},
{"learn":[0.009278057768],"iteration":333,"passed_time":6.452530832,"remaining_time":12.86642375},
{"learn":[0.009269493642],"iteration":334,"passed_time":6.471136357,"remaining_time":12.84568859},
{"learn":[0.009261227851],"iteration":335,"passed_time":6.491963028,"remaining_time":12.82935551},
{"learn":[0.009199030081],"iteration":336,"passed_time":6.510144872,"remaining_time":12.80779243},
{"learn":[0.009185311951],"iteration":337,"passed_time":6.529151205,"remaining_time":12.78786419},
{"learn":[0.009164399348],"iteration":338,"passed_time":6.548507606,"remaining_time":12.76862397},
{"learn":[0.009142301581],"iteration":339,"passed_time":6.567193354,"remaining_time":12.74808122},
{"learn":[0.009118761767],"iteration":340,"passed_time":6.585610854,"remaining_time":12.72703095},
{"learn":[0.009080793308],"iteration":341,"passed_time":6.605538847,"remaining_time":12.70890223},
{"learn":[0.009072243194],"iteration":342,"passed_time":6.624180487,"remaining_time":12.68829907},
{"learn":[0.009065753398],"iteration":343,"passed_time":6.644966074,"remaining_time":12.67179577},
{"learn":[0.009044718776],"iteration":344,"passed_time":6.662994746,"remaining_time":12.6500335},
{"learn":[0.009037253409],"iteration":345,"passed_time":6.680019265,"remaining_time":12.6263948},
{"learn":[0.009028946751],"iteration":346,"passed_time":6.697620896,"remaining_time":12.60388024},
{"learn":[0.009010267278],"iteration":347,"passed_time":6.716009033,"remaining_time":12.5828675},
{"learn":[0.008987834979],"iteration":348,"passed_time":6.735281573,"remaining_time":12.5635195},
{"learn":[0.008970669947],"iteration":349,"passed_time":6.753214939,"remaining_time":12.54168489},
{"learn":[0.008960315815],"iteration":350,"passed_time":6.771258746,"remaining_time":12.52007671},
{"learn":[0.008949964019],"iteration":351,"passed_time":6.789350125,"remaining_time":12.49857637},
{"learn":[0.008940613481],"iteration":352,"passed_time":6.807443315,"remaining_time":12.47709865},
{"learn":[0.008933973642],"iteration":353,"passed_time":6.828189306,"remaining_time":12.46048105},
{"learn":[0.008926602271],"iteration":354,"passed_time":6.846035595,"remaining_time":12.43857172},
{"learn":[0.00891948428],"iteration":355,"passed_time":6.863289038,"remaining_time":12.41561275},
{"learn":[0.00890674931],"iteration":356,"passed_time":6.881985087,"remaining_time":12.39528406},
{"learn":[0.008897530717],"iteration":357,"passed_time":6.900580256,"remaining_time":12.37478359},
{"learn":[0.008886749809],"iteration":358,"passed_time":6.920382297,"remaining_time":12.35644861},
{"learn":[0.008868134557],"iteration":359,"passed_time":6.939886921,"remaining_time":12.33757675},
{"learn":[0.008850856264],"iteration":360,"passed_time":6.958598956,"remaining_time":12.31729843},
{"learn":[0.00884423861],"iteration":361,"passed_time":6.976446927,"remaining_time":12.29550591},
{"learn":[0.008837888932],"iteration":362,"passed_time":6.99828156,"remaining_time":12.280731},
{"learn":[0.008831536335],"iteration":363,"passed_time":7.017705879,"remaining_time":12.26170588},
{"learn":[0.008800206547],"iteration":364,"passed_time":7.035376445,"remaining_time":12.23962751},
{"learn":[0.008792042342],"iteration":365,"passed_time":7.054908988,"remaining_time":12.22079863},
{"learn":[0.008786101925],"iteration":366,"passed_time":7.072560802,"remaining_time":12.19872204},
{"learn":[0.008730190779],"iteration":367,"passed_time":7.136866261,"remaining_time":12.25679206},
{"learn":[0.00871062039],"iteration":368,"passed_time":7.178629115,"remaining_time":12.27565033},
{"learn":[0.00866964932],"iteration":369,"passed_time":7.195120387,"remaining_time":12.25115093},
{"learn":[0.00866045408],"iteration":370,"passed_time":7.211955584,"remaining_time":12.2272778},
{"learn":[0.008653128831],"iteration":371,"passed_time":7.229054253,"remaining_time":12.20388729},
{"learn":[0.008643471786],"iteration":372,"passed_time":7.248268415,"remaining_time":12.18408659},
{"learn":[0.008634244435],"iteration":373,"passed_time":7.266712199,"remaining_time":12.16299956},
{"learn":[0.008622325069],"iteration":374,"passed_time":7.285255755,"remaining_time":12.14209292},
{"learn":[0.00860736456],"iteration":375,"passed_time":7.303178941,"remaining_time":12.12016931},
{"learn":[0.008598791677],"iteration":376,"passed_time":7.322351067,"remaining_time":12.10033081},
{"learn":[0.008554177541],"iteration":377,"passed_time":7.341379326,"remaining_time":12.0802591},
{"learn":[0.008537249542],"iteration":378,"passed_time":7.359473562,"remaining_time":12.05866249},
{"learn":[0.00852153298],"iteration":379,"passed_time":7.379497283,"remaining_time":12.04023241},
{"learn":[0.008504438591],"iteration":380,"passed_time":7.399210263,"remaining_time":12.02128911},
{"learn":[0.008493256595],"iteration":381,"passed_time":7.417752982,"remaining_time":12.00044854},
{"learn":[0.008472845498],"iteration":382,"passed_time":7.434943489,"remaining_time":11.9774416},
{"learn":[0.008461379764],"iteration":383,"passed_time":7.453203061,"remaining_time":11.95617991},
{"learn":[0.008413760097],"iteration":384,"passed_time":7.472096805,"remaining_time":11.93594684},
{"learn":[0.008406911833],"iteration":385,"passed_time":7.490137444,"remaining_time":11.91436371},
{"learn":[0.008352710127],"iteration":386,"passed_time":7.508940576,"remaining_time":11.89400665},
{"learn":[0.008341887767],"iteration":387,"passed_time":7.528457813,"remaining_time":11.87478397},
{"learn":[0.008326838516],"iteration":388,"passed_time":7.547411876,"remaining_time":11.85467521},
{"learn":[0.008321490682],"iteration":389,"passed_time":7.565646294,"remaining_time":11.83344677},
{"learn":[0.008314141496],"iteration":390,"passed_time":7.583403932,"remaining_time":11.81149104},
{"learn":[0.008294871192],"iteration":391,"passed_time":7.601701514,"remaining_time":11.79039418},
{"learn":[0.008288732859],"iteration":392,"passed_time":7.619211231,"remaining_time":11.7680947},
{"learn":[0.008281773084],"iteration":393,"passed_time":7.637279682,"remaining_time":11.7466789},
{"learn":[0.008243226638],"iteration":394,"passed_time":7.659348452,"remaining_time":11.73140712},
{"learn":[0.008237557116],"iteration":395,"passed_time":7.676913496,"remaining_time":11.7092317},
{"learn":[0.008223336312],"iteration":396,"passed_time":7.694544657,"remaining_time":11.68717992},
{"learn":[0.008216627582],"iteration":397,"passed_time":7.712683748,"remaining_time":11.66591863},
{"learn":[0.008198063123],"iteration":398,"passed_time":7.730913516,"remaining_time":11.64480958},
{"learn":[0.008191327536],"iteration":399,"passed_time":7.748864751,"remaining_time":11.62329713},
{"learn":[0.008185315893],"iteration":400,"passed_time":7.766881929,"remaining_time":11.60190094},
{"learn":[0.008176239753],"iteration":401,"passed_time":7.787129855,"remaining_time":11.58383993},
{"learn":[0.008169985822],"iteration":402,"passed_time":7.805743499,"remaining_time":11.56334707},
{"learn":[0.008160694252],"iteration":403,"passed_time":7.823857104,"remaining_time":11.54212583},
{"learn":[0.008148046856],"iteration":404,"passed_time":7.84220101,"remaining_time":11.52125827},
{"learn":[0.008137114153],"iteration":405,"passed_time":7.861615475,"remaining_time":11.50196944},
{"learn":[0.008120922942],"iteration":406,"passed_time":7.881260093,"remaining_time":11.48301532},
{"learn":[0.00811547936],"iteration":407,"passed_time":7.900037054,"remaining_time":11.46279886},
{"learn":[0.008109831439],"iteration":408,"passed_time":7.91846444,"remaining_time":11.44208431},
{"learn":[0.008103712955],"iteration":409,"passed_time":7.938332092,"remaining_time":11.4234535},
{"learn":[0.008091042207],"iteration":410,"passed_time":7.957388751,"remaining_time":11.40365444},
{"learn":[0.008080121181],"iteration":411,"passed_time":7.975135181,"remaining_time":11.38198904},
{"learn":[0.008031414433],"iteration":412,"passed_time":7.994157771,"remaining_time":11.36215644},
{"learn":[0.008014265165],"iteration":413,"passed_time":8.012811733,"remaining_time":11.34180598},
{"learn":[0.008004237391],"iteration":414,"passed_time":8.030346008,"remaining_time":11.31988534},
{"learn":[0.007997028323],"iteration":415,"passed_time":8.051266077,"remaining_time":11.30273892},
{"learn":[0.007987750763],"iteration":416,"passed_time":8.069838167,"remaining_time":11.28229173},
{"learn":[0.007982881665],"iteration":417,"passed_time":8.088415576,"remaining_time":11.26186092},
{"learn":[0.007935831812],"iteration":418,"passed_time":8.107863316,"remaining_time":11.24264579},
{"learn":[0.007928946183],"iteration":419,"passed_time":8.126581916,"remaining_time":11.22242265},
{"learn":[0.007914954239],"iteration":420,"passed_time":8.145195188,"remaining_time":11.20206179},
{"learn":[0.007905969176],"iteration":421,"passed_time":8.16419958,"remaining_time":11.18224492},
{"learn":[0.007895331305],"iteration":422,"passed_time":8.19234035,"remaining_time":11.17489452},
{"learn":[0.007886952836],"iteration":423,"passed_time":8.215129907,"remaining_time":11.16017648},
{"learn":[0.007870445191],"iteration":424,"passed_time":8.232587119,"remaining_time":11.1382061},
{"learn":[0.007865824218],"iteration":425,"passed_time":8.248854781,"remaining_time":11.11465409},
{"learn":[0.007860977305],"iteration":426,"passed_time":8.266377055,"remaining_time":11.09281979},
{"learn":[0.007856604457],"iteration":427,"passed_time":8.287804627,"remaining_time":11.07622487},
{"learn":[0.007849900981],"iteration":428,"passed_time":8.308022115,"remaining_time":11.0579968},
{"learn":[0.007843919113],"iteration":429,"passed_time":8.327212208,"remaining_time":11.03839758},
{"learn":[0.007838736501],"iteration":430,"passed_time":8.346309619,"remaining_time":11.0186779},
{"learn":[0.007827774023],"iteration":431,"passed_time":8.365615961,"remaining_time":10.9992358},
{"learn":[0.007822284319],"iteration":432,"passed_time":8.386136335,"remaining_time":10.98138407},
{"learn":[0.007796589024],"iteration":433,"passed_time":8.404048422,"remaining_time":10.96011845},
{"learn":[0.007754283331],"iteration":434,"passed_time":8.422700047,"remaining_time":10.9398288},
{"learn":[0.007744410854],"iteration":435,"passed_time":8.440562117,"remaining_time":10.91852531},
{"learn":[0.007739739088],"iteration":436,"passed_time":8.457828255,"remaining_time":10.89646981},
{"learn":[0.007732541113],"iteration":437,"passed_time":8.477280842,"remaining_time":10.87724163},
{"learn":[0.007698150332],"iteration":438,"passed_time":8.496748264,"remaining_time":10.85803138},
{"learn":[0.007693139364],"iteration":439,"passed_time":8.51574996,"remaining_time":10.83822722},
{"learn":[0.00768789545],"iteration":440,"passed_time":8.533548242,"remaining_time":10.81690129},
{"learn":[0.007673415429],"iteration":441,"passed_time":8.552161652,"remaining_time":10.79662037},
{"learn":[0.007668504295],"iteration":442,"passed_time":8.570755106,"remaining_time":10.77632188},
{"learn":[0.007655257895],"iteration":443,"passed_time":8.58934324,"remaining_time":10.75602442},
{"learn":[0.007623915263],"iteration":444,"passed_time":8.607791412,"remaining_time":10.73556008},
{"learn":[0.007618966764],"iteration":445,"passed_time":8.625438562,"remaining_time":10.71410978},
{"learn":[0.007582701322],"iteration":446,"passed_time":8.643455261,"remaining_time":10.69313369},
{"learn":[0.0075778836],"iteration":447,"passed_time":8.661701494,"remaining_time":10.67245363},
{"learn":[0.007573679478],"iteration":448,"passed_time":8.679278656,"remaining_time":10.65096334},
{"learn":[0.007569324729],"iteration":449,"passed_time":8.697235588,"remaining_time":10.62995461},
{"learn":[0.007536698267],"iteration":450,"passed_time":8.715719658,"remaining_time":10.60960109},
{"learn":[0.007496406769],"iteration":451,"passed_time":8.738313174,"remaining_time":10.5942381},
{"learn":[0.007486167066],"iteration":452,"passed_time":8.757008698,"remaining_time":10.57413633},
{"learn":[0.007463730097],"iteration":453,"passed_time":8.775271035,"remaining_time":10.55351979},
{"learn":[0.00743166469],"iteration":454,"passed_time":8.792834711,"remaining_time":10.53207674},
{"learn":[0.007392037585],"iteration":455,"passed_time":8.810425359,"remaining_time":10.51068288},
{"learn":[0.007386870736],"iteration":456,"passed_time":8.828260829,"remaining_time":10.48959656},
{"learn":[0.00737621068],"iteration":457,"passed_time":8.847514449,"remaining_time":10.47020269},
{"learn":[0.007349767505],"iteration":458,"passed_time":8.866811609,"remaining_time":10.45086074},
{"learn":[0.007342794302],"iteration":459,"passed_time":8.884845788,"remaining_time":10.43003636},
{"learn":[0.007337226366],"iteration":460,"passed_time":8.905055659,"remaining_time":10.4117679},
{"learn":[0.007308975669],"iteration":461,"passed_time":8.922816192,"remaining_time":10.39063877},
{"learn":[0.007303017154],"iteration":462,"passed_time":8.942863742,"remaining_time":10.37217674},
{"learn":[0.00727581384],"iteration":463,"passed_time":8.961719506,"remaining_time":10.35233115},
{"learn":[0.007258178829],"iteration":464,"passed_time":8.981509805,"remaining_time":10.33356504},
{"learn":[0.00725147185],"iteration":465,"passed_time":9.000185215,"remaining_time":10.31351696},
{"learn":[0.007215956039],"iteration":466,"passed_time":9.021265178,"remaining_time":10.29621914},
{"learn":[0.007205112078],"iteration":467,"passed_time":9.039564526,"remaining_time":10.27574429},
{"learn":[0.007199061902],"iteration":468,"passed_time":9.05756728,"remaining_time":10.25494291},
{"learn":[0.007194175873],"iteration":469,"passed_time":9.074631382,"remaining_time":10.23309496},
{"learn":[0.00718917483],"iteration":470,"passed_time":9.094154537,"remaining_time":10.21402919},
{"learn":[0.007184652523],"iteration":471,"passed_time":9.113921662,"remaining_time":10.1952344},
{"learn":[0.007176294488],"iteration":472,"passed_time":9.132259011,"remaining_time":10.17484249},
{"learn":[0.007169873],"iteration":473,"passed_time":9.151061867,"remaining_time":10.15497583},
{"learn":[0.007140023791],"iteration":474,"passed_time":9.169981105,"remaining_time":10.13524227},
{"learn":[0.007135660285],"iteration":475,"passed_time":9.187779007,"remaining_time":10.11427773},
{"learn":[0.007123073023],"iteration":476,"passed_time":9.206264091,"remaining_time":10.09407992},
{"learn":[0.007117733946],"iteration":477,"passed_time":9.230625728,"remaining_time":10.08030676},
{"learn":[0.00710147501],"iteration":478,"passed_time":9.256371338,"remaining_time":10.06799471},
{"learn":[0.007089790926],"iteration":479,"passed_time":9.273545726,"remaining_time":10.0463412},
{"learn":[0.007068007256],"iteration":480,"passed_time":9.290605502,"remaining_time":10.02458265},
{"learn":[0.007058276649],"iteration":481,"passed_time":9.30925726,"remaining_time":10.00455448},
{"learn":[0.00705443625],"iteration":482,"passed_time":9.327643536,"remaining_time":9.984247843},
{"learn":[0.007049703766],"iteration":483,"passed_time":9.347295313,"remaining_time":9.965298309},
{"learn":[0.007038692832],"iteration":484,"passed_time":9.364796845,"remaining_time":9.94406263},
{"learn":[0.00702813728],"iteration":485,"passed_time":9.382201017,"remaining_time":9.922739348},
{"learn":[0.007011637809],"iteration":486,"passed_time":9.400917798,"remaining_time":9.902814847},
{"learn":[0.006996317663],"iteration":487,"passed_time":9.419210638,"remaining_time":9.882450505},
{"learn":[0.006987433602],"iteration":488,"passed_time":9.43777327,"remaining_time":9.862376566},
{"learn":[0.006982731477],"iteration":489,"passed_time":9.455898552,"remaining_time":9.841853595},
{"learn":[0.006966667539],"iteration":490,"passed_time":9.474922279,"remaining_time":9.822271772},
{"learn":[0.006956841185],"iteration":491,"passed_time":9.494578053,"remaining_time":9.803344819},
{"learn":[0.006953206292],"iteration":492,"passed_time":9.512738471,"remaining_time":9.782877089},
{"learn":[0.006943288861],"iteration":493,"passed_time":9.530397919,"remaining_time":9.761905561},
{"learn":[0.006936322664],"iteration":494,"passed_time":9.549214109,"remaining_time":9.742127526},
{"learn":[0.006923333731],"iteration":495,"passed_time":9.567347976,"remaining_time":9.72166004},
{"learn":[0.006913676685],"iteration":496,"passed_time":9.58536955,"remaining_time":9.701088297},
{"learn":[0.006860838793],"iteration":497,"passed_time":9.602739336,"remaining_time":9.679869773},
{"learn":[0.006855166936],"iteration":498,"passed_time":9.623374044,"remaining_time":9.661944681},
{"learn":[0.006846053432],"iteration":499,"passed_time":9.64208689,"remaining_time":9.64208689},
{"learn":[0.00683699072],"iteration":500,"passed_time":9.660187097,"remaining_time":9.621623476},
{"learn":[0.006831078327],"iteration":501,"passed_time":9.67990354,"remaining_time":9.602772835},
{"learn":[0.006822912954],"iteration":502,"passed_time":9.699519603,"remaining_time":9.583819568},
{"learn":[0.006818182805],"iteration":503,"passed_time":9.717982923,"remaining_time":9.563729226},
{"learn":[0.006809767555],"iteration":504,"passed_time":9.735696816,"remaining_time":9.54291074},
{"learn":[0.006800266391],"iteration":505,"passed_time":9.753936716,"remaining_time":9.522618059},
{"learn":[0.006795566602],"iteration":506,"passed_time":9.773473379,"remaining_time":9.503594429},
{"learn":[0.006778976638],"iteration":507,"passed_time":9.792723749,"remaining_time":9.484291504},
{"learn":[0.006770126438],"iteration":508,"passed_time":9.809869264,"remaining_time":9.462958367},
{"learn":[0.006761910856],"iteration":509,"passed_time":9.827526562,"remaining_time":9.442133363},
{"learn":[0.006754505623],"iteration":510,"passed_time":9.845574272,"remaining_time":9.421694362},
{"learn":[0.006746820154],"iteration":511,"passed_time":9.863354371,"remaining_time":9.401009634},
{"learn":[0.006742497516],"iteration":512,"passed_time":9.882710962,"remaining_time":9.381832823},
{"learn":[0.006735167596],"iteration":513,"passed_time":9.900995059,"remaining_time":9.361641243},
{"learn":[0.006731209848],"iteration":514,"passed_time":9.919643518,"remaining_time":9.341800206},
{"learn":[0.006727602978],"iteration":515,"passed_time":9.939395162,"remaining_time":9.322998563},
{"learn":[0.006723904449],"iteration":516,"passed_time":9.957016289,"remaining_time":9.302202838},
{"learn":[0.006721026193],"iteration":517,"passed_time":9.97335195,"remaining_time":9.280223243},
{"learn":[0.006714377012],"iteration":518,"passed_time":9.991122482,"remaining_time":9.25959521},
{"learn":[0.006704971596],"iteration":519,"passed_time":10.00993206,"remaining_time":9.239937285},
{"learn":[0.006702206602],"iteration":520,"passed_time":10.02677501,"remaining_time":9.218474528},
{"learn":[0.006691289663],"iteration":521,"passed_time":10.04604643,"remaining_time":9.199253244},
{"learn":[0.006684106867],"iteration":522,"passed_time":10.06792187,"remaining_time":9.182406752},
{"learn":[0.006672791759],"iteration":523,"passed_time":10.08586054,"remaining_time":9.161964922},
{"learn":[0.006666502799],"iteration":524,"passed_time":10.10230354,"remaining_time":9.140179394},
{"learn":[0.006659779473],"iteration":525,"passed_time":10.11884741,"remaining_time":9.11850508},
{"learn":[0.006656441747],"iteration":526,"passed_time":10.13792545,"remaining_time":9.099124741},
{"learn":[0.006650336107],"iteration":527,"passed_time":10.15475721,"remaining_time":9.077737509},
{"learn":[0.006640676143],"iteration":528,"passed_time":10.17400051,"remaining_time":9.058514633},
{"learn":[0.006635343488],"iteration":529,"passed_time":10.19215182,"remaining_time":9.038323312},
{"learn":[0.006628317157],"iteration":530,"passed_time":10.21018751,"remaining_time":9.018037554},
{"learn":[0.006619665458],"iteration":531,"passed_time":10.22847487,"remaining_time":8.997981657},
{"learn":[0.006612668902],"iteration":532,"passed_time":10.24644831,"remaining_time":8.977657337},
{"learn":[0.006598279373],"iteration":533,"passed_time":10.28195908,"remaining_time":8.972645941},
{"learn":[0.006590929603],"iteration":534,"passed_time":10.30381285,"remaining_time":8.955650419},
{"learn":[0.006583010021],"iteration":535,"passed_time":10.3222652,"remaining_time":8.935692263},
{"learn":[0.006576345077],"iteration":536,"passed_time":10.34166696,"remaining_time":8.916558292},
{"learn":[0.006566469098],"iteration":537,"passed_time":10.3602413,"remaining_time":8.896712788},
{"learn":[0.006560168461],"iteration":538,"passed_time":10.37657339,"remaining_time":8.874954233},
{"learn":[0.006553637213],"iteration":539,"passed_time":10.39531768,"remaining_time":8.855270616},
{"learn":[0.006545379012],"iteration":540,"passed_time":10.4135545,"remaining_time":8.835159917},
{"learn":[0.006535152738],"iteration":541,"passed_time":10.43213151,"remaining_time":8.815343597},
{"learn":[0.006528560189],"iteration":542,"passed_time":10.45039362,"remaining_time":8.79526682},
{"learn":[0.006525902034],"iteration":543,"passed_time":10.46911276,"remaining_time":8.775579811},
{"learn":[0.006519643433],"iteration":544,"passed_time":10.48705441,"remaining_time":8.755247258},
{"learn":[0.006516777437],"iteration":545,"passed_time":10.50378779,"remaining_time":8.733918785},
{"learn":[0.006513165897],"iteration":546,"passed_time":10.522346,"remaining_time":8.714118354},
{"learn":[0.006506789363],"iteration":547,"passed_time":10.53995539,"remaining_time":8.693539843},
{"learn":[0.006503414273],"iteration":548,"passed_time":10.55861756,"remaining_time":8.673837013},
{"learn":[0.006497510053],"iteration":549,"passed_time":10.57690831,"remaining_time":8.653834071},
{"learn":[0.006487347999],"iteration":550,"passed_time":10.59538619,"remaining_time":8.633989832},
{"learn":[0.006477433487],"iteration":551,"passed_time":10.61444759,"remaining_time":8.614624129},
{"learn":[0.006470491227],"iteration":552,"passed_time":10.63314235,"remaining_time":8.594963163},
{"learn":[0.00646356473],"iteration":553,"passed_time":10.65136237,"remaining_time":8.574923494},
{"learn":[0.006457363927],"iteration":554,"passed_time":10.66900734,"remaining_time":8.554429306},
{"learn":[0.006450588057],"iteration":555,"passed_time":10.68650172,"remaining_time":8.533825116},
{"learn":[0.006444808776],"iteration":556,"passed_time":10.7039996,"remaining_time":8.513234871},
{"learn":[0.006441995325],"iteration":557,"passed_time":10.72101162,"remaining_time":8.492270854},
{"learn":[0.006434803187],"iteration":558,"passed_time":10.74018743,"remaining_time":8.47302801},
{"learn":[0.006428163932],"iteration":559,"passed_time":10.75923622,"remaining_time":8.453685601},
{"learn":[0.006417067759],"iteration":560,"passed_time":10.77834521,"remaining_time":8.434391347},
{"learn":[0.006407702626],"iteration":561,"passed_time":10.79719584,"remaining_time":8.414896404},
{"learn":[0.006398137825],"iteration":562,"passed_time":10.81590201,"remaining_time":8.395291611},
{"learn":[0.00639243736],"iteration":563,"passed_time":10.83341824,"remaining_time":8.374770129},
{"learn":[0.006387085439],"iteration":564,"passed_time":10.85259226,"remaining_time":8.355535631},
{"learn":[0.006376368751],"iteration":565,"passed_time":10.87125801,"remaining_time":8.335911616},
{"learn":[0.0063693179],"iteration":566,"passed_time":10.88949597,"remaining_time":8.315964292},
{"learn":[0.006359798637],"iteration":567,"passed_time":10.9086535,"remaining_time":8.296722378},
{"learn":[0.006349686792],"iteration":568,"passed_time":10.92694193,"remaining_time":8.276822444},
{"learn":[0.006342875309],"iteration":569,"passed_time":10.94565081,"remaining_time":8.257245348},
{"learn":[0.006336071415],"iteration":570,"passed_time":10.96693718,"remaining_time":8.239607793},
{"learn":[0.00633335663],"iteration":571,"passed_time":10.98682422,"remaining_time":8.220910434},
{"learn":[0.006327718051],"iteration":572,"passed_time":11.0048138,"remaining_time":8.200794924},
{"learn":[0.006315740886],"iteration":573,"passed_time":11.02490201,"remaining_time":8.182244348},
{"learn":[0.006286760993],"iteration":574,"passed_time":11.0436825,"remaining_time":8.162721846},
{"learn":[0.006277181596],"iteration":575,"passed_time":11.06373301,"remaining_time":8.144136799},
{"learn":[0.006271500397],"iteration":576,"passed_time":11.08128282,"remaining_time":8.123713405},
{"learn":[0.006264461806],"iteration":577,"passed_time":11.09889364,"remaining_time":8.103344493},
{"learn":[0.006258773018],"iteration":578,"passed_time":11.11740773,"remaining_time":8.08364189},
{"learn":[0.006232786394],"iteration":579,"passed_time":11.13563946,"remaining_time":8.063738918},
{"learn":[0.006226443722],"iteration":580,"passed_time":11.15454295,"remaining_time":8.044326156},
{"learn":[0.006214892749],"iteration":581,"passed_time":11.17235158,"remaining_time":8.024128796},
{"learn":[0.006202297898],"iteration":582,"passed_time":11.1912606,"remaining_time":8.004726704},
{"learn":[0.00619390133],"iteration":583,"passed_time":11.21157195,"remaining_time":7.986325225},
{"learn":[0.006185650719],"iteration":584,"passed_time":11.2300411,"remaining_time":7.966610354},
{"learn":[0.006175568649],"iteration":585,"passed_time":11.24840478,"remaining_time":7.946825217},
{"learn":[0.006172690977],"iteration":586,"passed_time":11.2656602,"remaining_time":7.926265184},
{"learn":[0.006163915507],"iteration":587,"passed_time":11.2849249,"remaining_time":7.90712425},
{"learn":[0.006157112781],"iteration":588,"passed_time":11.30959327,"remaining_time":7.89175354},
{"learn":[0.00614511635],"iteration":589,"passed_time":11.33772268,"remaining_time":7.878756436},
{"learn":[0.006142845855],"iteration":590,"passed_time":11.35831445,"remaining_time":7.860491725},
{"learn":[0.006137567496],"iteration":591,"passed_time":11.37699975,"remaining_time":7.840905236},
{"learn":[0.006110461096],"iteration":592,"passed_time":11.39416585,"remaining_time":7.820279094},
{"learn":[0.006104705752],"iteration":593,"passed_time":11.41543824,"remaining_time":7.802471256},
{"learn":[0.00609666415],"iteration":594,"passed_time":11.43322014,"remaining_time":7.782275894},
{"learn":[0.00608988536],"iteration":595,"passed_time":11.4495312,"remaining_time":7.76109162},
{"learn":[0.006086876911],"iteration":596,"passed_time":11.46763293,"remaining_time":7.741132445},
{"learn":[0.006079535899],"iteration":597,"passed_time":11.4863442,"remaining_time":7.721589247},
{"learn":[0.006076752806],"iteration":598,"passed_time":11.50292241,"remaining_time":7.700620845},
{"learn":[0.006071378116],"iteration":599,"passed_time":11.52155424,"remaining_time":7.681036163},
{"learn":[0.006069114627],"iteration":600,"passed_time":11.53994573,"remaining_time":7.661295084},
{"learn":[0.00606478148],"iteration":601,"passed_time":11.5589712,"remaining_time":7.641977639},
{"learn":[0.006056931372],"iteration":602,"passed_time":11.57896236,"remaining_time":7.623296944},
{"learn":[0.006051805391],"iteration":603,"passed_time":11.59596907,"remaining_time":7.602655221},
{"learn":[0.006047182082],"iteration":604,"passed_time":11.61317243,"remaining_time":7.582153902},
{"learn":[0.006043195727],"iteration":605,"passed_time":11.6307424,"remaining_time":7.561901823},
{"learn":[0.0060371438],"iteration":606,"passed_time":11.64958101,"remaining_time":7.54247996},
{"learn":[0.006029938818],"iteration":607,"passed_time":11.66809854,"remaining_time":7.522853009},
{"learn":[0.00602754864],"iteration":608,"passed_time":11.68730309,"remaining_time":7.503670787},
{"learn":[0.006018272248],"iteration":609,"passed_time":11.70533675,"remaining_time":7.483739892},
{"learn":[0.006015656713],"iteration":610,"passed_time":11.72381365,"remaining_time":7.464097398},
{"learn":[0.006011840251],"iteration":611,"passed_time":11.74154305,"remaining_time":7.443984808},
{"learn":[0.00600530083],"iteration":612,"passed_time":11.75942487,"remaining_time":7.423976222},
{"learn":[0.005997742051],"iteration":613,"passed_time":11.77762142,"remaining_time":7.404172422},
{"learn":[0.005992571699],"iteration":614,"passed_time":11.79745199,"remaining_time":7.385396776},
{"learn":[0.005989636812],"iteration":615,"passed_time":11.81488953,"remaining_time":7.365125939},
{"learn":[0.005978358485],"iteration":616,"passed_time":11.83252483,"remaining_time":7.344987053},
{"learn":[0.005970189025],"iteration":617,"passed_time":11.85097426,"remaining_time":7.325359496},
{"learn":[0.00596298346],"iteration":618,"passed_time":11.86949897,"remaining_time":7.305782077},
{"learn":[0.005956751131],"iteration":619,"passed_time":11.88786431,"remaining_time":7.286110382},
{"learn":[0.005949882433],"iteration":620,"passed_time":11.90615763,"remaining_time":7.266398937},
{"learn":[0.005942435164],"iteration":621,"passed_time":11.92577871,"remaining_time":7.247498956},
{"learn":[0.005936281067],"iteration":622,"passed_time":11.9443405,"remaining_time":7.227955646},
{"learn":[0.005928847227],"iteration":623,"passed_time":11.96362132,"remaining_time":7.208848742},
{"learn":[0.005924878386],"iteration":624,"passed_time":11.98109472,"remaining_time":7.188656832},
{"learn":[0.005919729052],"iteration":625,"passed_time":11.99971557,"remaining_time":7.169159141},
{"learn":[0.005912427739],"iteration":626,"passed_time":12.01802508,"remaining_time":7.149479035},
{"learn":[0.005910245402],"iteration":627,"passed_time":12.03414709,"remaining_time":7.128507511},
{"learn":[0.005905250198],"iteration":628,"passed_time":12.05161729,"remaining_time":7.108346603},
{"learn":[0.005900250323],"iteration":629,"passed_time":12.06960904,"remaining_time":7.088500549},
{"learn":[0.00589304826],"iteration":630,"passed_time":12.08954515,"remaining_time":7.069797399},
{"learn":[0.005881964347],"iteration":631,"passed_time":12.1094883,"remaining_time":7.051094451},
{"learn":[0.005876140112],"iteration":632,"passed_time":12.12778023,"remaining_time":7.031430244},
{"learn":[0.005872420564],"iteration":633,"passed_time":12.14599894,"remaining_time":7.011728093},
{"learn":[0.005861623309],"iteration":634,"passed_time":12.16463948,"remaining_time":6.992273085},
{"learn":[0.005856686487],"iteration":635,"passed_time":12.1843646,"remaining_time":6.973441375},
{"learn":[0.005848057557],"iteration":636,"passed_time":12.20344219,"remaining_time":6.954237857},
{"learn":[0.005843482706],"iteration":637,"passed_time":12.22225122,"remaining_time":6.934882356},
{"learn":[0.005837923527],"iteration":638,"passed_time":12.24198442,"remaining_time":6.916050667},
{"learn":[0.005832989624],"iteration":639,"passed_time":12.25938469,"remaining_time":6.895903889},
{"learn":[0.005827714184],"iteration":640,"passed_time":12.27813532,"remaining_time":6.876521965},
{"learn":[0.005825798655],"iteration":641,"passed_time":12.2951516,"remaining_time":6.856174879},
{"learn":[0.005820282094],"iteration":642,"passed_time":12.31392254,"remaining_time":6.836812361},
{"learn":[0.005815578218],"iteration":643,"passed_time":12.33187839,"remaining_time":6.817001097},
{"learn":[0.005810822966],"iteration":644,"passed_time":12.36180279,"remaining_time":6.80378293},
{"learn":[0.005785387473],"iteration":645,"passed_time":12.38213823,"remaining_time":6.785258412},
{"learn":[0.005777488324],"iteration":646,"passed_time":12.3995394,"remaining_time":6.765127368},
{"learn":[0.005767464636],"iteration":647,"passed_time":12.4190692,"remaining_time":6.746161049},
{"learn":[0.005761786941],"iteration":648,"passed_time":12.43701142,"remaining_time":6.726334373},
{"learn":[0.005756642277],"iteration":649,"passed_time":12.45357979,"remaining_time":6.705773735},
{"learn":[0.005752776189],"iteration":650,"passed_time":12.47085445,"remaining_time":6.685603996},
{"learn":[0.005746473217],"iteration":651,"passed_time":12.49012249,"remaining_time":6.666507097},
{"learn":[0.005739317277],"iteration":652,"passed_time":12.50864759,"remaining_time":6.647014873},
{"learn":[0.005733817648],"iteration":653,"passed_time":12.52773798,"remaining_time":6.627824681},
{"learn":[0.005725965205],"iteration":654,"passed_time":12.54503602,"remaining_time":6.607690727},
{"learn":[0.005718488162],"iteration":655,"passed_time":12.56317718,"remaining_time":6.588007547},
{"learn":[0.005714331329],"iteration":656,"passed_time":12.58247616,"remaining_time":6.568933523},
{"learn":[0.005707241362],"iteration":657,"passed_time":12.60169274,"remaining_time":6.549815985},
{"learn":[0.005704670197],"iteration":658,"passed_time":12.62374844,"remaining_time":6.53216725},
{"learn":[0.005699843134],"iteration":659,"passed_time":12.64095529,"remaining_time":6.512007269},
{"learn":[0.005693053836],"iteration":660,"passed_time":12.65893996,"remaining_time":6.49225514},
{"learn":[0.005690629796],"iteration":661,"passed_time":12.67806153,"remaining_time":6.473088819},
{"learn":[0.005684111976],"iteration":662,"passed_time":12.69675597,"remaining_time":6.453705524},
{"learn":[0.005680426291],"iteration":663,"passed_time":12.71395624,"remaining_time":6.433568219},
{"learn":[0.005676573047],"iteration":664,"passed_time":12.73120705,"remaining_time":6.413465205},
{"learn":[0.005667851289],"iteration":665,"passed_time":12.74951168,"remaining_time":6.39389925},
{"learn":[0.005661477674],"iteration":666,"passed_time":12.76769086,"remaining_time":6.374274447},
{"learn":[0.005639009762],"iteration":667,"passed_time":12.78489071,"remaining_time":6.35416724},
{"learn":[0.005632194776],"iteration":668,"passed_time":12.80343946,"remaining_time":6.334736117},
{"learn":[0.005627294735],"iteration":669,"passed_time":12.82127815,"remaining_time":6.314957895},
{"learn":[0.005619951387],"iteration":670,"passed_time":12.84123051,"remaining_time":6.296221816},
{"learn":[0.005616387137],"iteration":671,"passed_time":12.8585907,"remaining_time":6.276216888},
{"learn":[0.005611798274],"iteration":672,"passed_time":12.87637391,"remaining_time":6.256425362},
{"learn":[0.005606059277],"iteration":673,"passed_time":12.89476424,"remaining_time":6.236933444},
{"learn":[0.00559916781],"iteration":674,"passed_time":12.91348818,"remaining_time":6.217605422},
{"learn":[0.005594730742],"iteration":675,"passed_time":12.93133198,"remaining_time":6.197857341},
{"learn":[0.00559241179],"iteration":676,"passed_time":12.94904818,"remaining_time":6.178054006},
{"learn":[0.005564269685],"iteration":677,"passed_time":12.96677614,"remaining_time":6.158262415},
{"learn":[0.005558193237],"iteration":678,"passed_time":12.98368698,"remaining_time":6.138090604},
{"learn":[0.005552147732],"iteration":679,"passed_time":13.00286344,"remaining_time":6.11899456},
{"learn":[0.005543091442],"iteration":680,"passed_time":13.02166327,"remaining_time":6.099721853},
{"learn":[0.005539130775],"iteration":681,"passed_time":13.03992037,"remaining_time":6.080197475},
{"learn":[0.005533653331],"iteration":682,"passed_time":13.06004066,"remaining_time":6.061541565},
{"learn":[0.00552861142],"iteration":683,"passed_time":13.07849632,"remaining_time":6.042112336},
{"learn":[0.005526635174],"iteration":684,"passed_time":13.09683093,"remaining_time":6.02263028},
{"learn":[0.005521518533],"iteration":685,"passed_time":13.11478607,"remaining_time":6.002977881},
{"learn":[0.005516502311],"iteration":686,"passed_time":13.13218835,"remaining_time":5.983078537},
{"learn":[0.005512067578],"iteration":687,"passed_time":13.15061524,"remaining_time":5.963651097},
{"learn":[0.005503933732],"iteration":688,"passed_time":13.1696665,"remaining_time":5.944508391},
{"learn":[0.005499991163],"iteration":689,"passed_time":13.18742448,"remaining_time":5.924784913},
{"learn":[0.005494054833],"iteration":690,"passed_time":13.20690921,"remaining_time":5.905839285},
{"learn":[0.005487636264],"iteration":691,"passed_time":13.22582125,"remaining_time":5.886637202},
{"learn":[0.005478243691],"iteration":692,"passed_time":13.24437617,"remaining_time":5.867277757},
{"learn":[0.005470950552],"iteration":693,"passed_time":13.26213026,"remaining_time":5.847567523},
{"learn":[0.005465558931],"iteration":694,"passed_time":13.27962314,"remaining_time":5.827748286},
{"learn":[0.005460333699],"iteration":695,"passed_time":13.29848219,"remaining_time":5.80853245},
{"learn":[0.005456382957],"iteration":696,"passed_time":13.31660714,"remaining_time":5.788998513},
{"learn":[0.005452256484],"iteration":697,"passed_time":13.33600961,"remaining_time":5.770021349},
{"learn":[0.005446650598],"iteration":698,"passed_time":13.35551491,"remaining_time":5.751087249},
{"learn":[0.005433640647],"iteration":699,"passed_time":13.37354433,"remaining_time":5.731519},
{"learn":[0.005428793734],"iteration":700,"passed_time":13.39116263,"remaining_time":5.711779779},
{"learn":[0.005422780923],"iteration":701,"passed_time":13.41691202,"remaining_time":5.695498265},
{"learn":[0.005419580396],"iteration":702,"passed_time":13.43608595,"remaining_time":5.676411845},
{"learn":[0.005414601538],"iteration":703,"passed_time":13.45354633,"remaining_time":5.656604706},
{"learn":[0.00540871425],"iteration":704,"passed_time":13.47210565,"remaining_time":5.637264065},
{"learn":[0.00540470279],"iteration":705,"passed_time":13.49018731,"remaining_time":5.617726728},
{"learn":[0.005400808679],"iteration":706,"passed_time":13.50885246,"remaining_time":5.598435319},
{"learn":[0.005394094694],"iteration":707,"passed_time":13.52616601,"remaining_time":5.578588242},
{"learn":[0.005388558868],"iteration":708,"passed_time":13.54487407,"remaining_time":5.559320669},
{"learn":[0.0053845188],"iteration":709,"passed_time":13.56329246,"remaining_time":5.539936355},
{"learn":[0.005376776116],"iteration":710,"passed_time":13.58204208,"remaining_time":5.520689396},
{"learn":[0.005372205936],"iteration":711,"passed_time":13.60033484,"remaining_time":5.501259035},
{"learn":[0.005366406805],"iteration":712,"passed_time":13.6190418,"remaining_time":5.481998591},
{"learn":[0.005360256211],"iteration":713,"passed_time":13.63763009,"remaining_time":5.462692166},
{"learn":[0.005353733137],"iteration":714,"passed_time":13.65547745,"remaining_time":5.443092409},
{"learn":[0.005347282457],"iteration":715,"passed_time":13.67333383,"remaining_time":5.423501127},
{"learn":[0.005341092163],"iteration":716,"passed_time":13.69113638,"remaining_time":5.403893439},
{"learn":[0.00533743275],"iteration":717,"passed_time":13.70792414,"remaining_time":5.383892212},
{"learn":[0.00533355557],"iteration":718,"passed_time":13.72481349,"remaining_time":5.363939627},
{"learn":[0.005329561625],"iteration":719,"passed_time":13.74255425,"remaining_time":5.344326651},
{"learn":[0.005322918867],"iteration":720,"passed_time":13.76118483,"remaining_time":5.325063202},
{"learn":[0.005318989726],"iteration":721,"passed_time":13.7798223,"remaining_time":5.305804156},
{"learn":[0.005314343649],"iteration":722,"passed_time":13.79801515,"remaining_time":5.286376483},
{"learn":[0.005309722676],"iteration":723,"passed_time":13.81543916,"remaining_time":5.266659126},
{"learn":[0.005306387869],"iteration":724,"passed_time":13.83375933,"remaining_time":5.24728802},
{"learn":[0.005301587661],"iteration":725,"passed_time":13.85160424,"remaining_time":5.227740445},
{"learn":[0.005296400378],"iteration":726,"passed_time":13.87061577,"remaining_time":5.208635633},
{"learn":[0.005291569229],"iteration":727,"passed_time":13.88949392,"remaining_time":5.189481246},
{"learn":[0.005286726402],"iteration":728,"passed_time":13.90827216,"remaining_time":5.170290472},
{"learn":[0.005282608102],"iteration":729,"passed_time":13.92565844,"remaining_time":5.150585997},
{"learn":[0.005277145838],"iteration":730,"passed_time":13.94358243,"remaining_time":5.131085736},
{"learn":[0.00527296682],"iteration":731,"passed_time":13.96034453,"remaining_time":5.111164391},
{"learn":[0.005268370952],"iteration":732,"passed_time":13.97809041,"remaining_time":5.091610012},
{"learn":[0.00526413472],"iteration":733,"passed_time":13.99636081,"remaining_time":5.072250648},
{"learn":[0.005259820838],"iteration":734,"passed_time":14.01290607,"remaining_time":5.052272255},
{"learn":[0.00525581872],"iteration":735,"passed_time":14.03187837,"remaining_time":5.033173765},
{"learn":[0.005252314604],"iteration":736,"passed_time":14.0510309,"remaining_time":5.014139926},
{"learn":[0.005248771955],"iteration":737,"passed_time":14.06931053,"remaining_time":4.994795879},
{"learn":[0.005244819461],"iteration":738,"passed_time":14.08706663,"remaining_time":4.975269809},
{"learn":[0.005238760528],"iteration":739,"passed_time":14.10885031,"remaining_time":4.957163624},
{"learn":[0.005231856217],"iteration":740,"passed_time":14.12725829,"remaining_time":4.937867607},
{"learn":[0.005226469266],"iteration":741,"passed_time":14.14504505,"remaining_time":4.918357981},
{"learn":[0.00522028948],"iteration":742,"passed_time":14.16196271,"remaining_time":4.898552379},
{"learn":[0.005217000212],"iteration":743,"passed_time":14.18056236,"remaining_time":4.879333286},
{"learn":[0.00521260985],"iteration":744,"passed_time":14.19914924,"remaining_time":4.860111484},
{"learn":[0.005209048519],"iteration":745,"passed_time":14.2183471,"remaining_time":4.841099413},
{"learn":[0.005203381916],"iteration":746,"passed_time":14.23673995,"remaining_time":4.8218142},
{"learn":[0.005197314225],"iteration":747,"passed_time":14.25486963,"remaining_time":4.80244271},
{"learn":[0.00519194654],"iteration":748,"passed_time":14.27380111,"remaining_time":4.78334323},
{"learn":[0.005188276618],"iteration":749,"passed_time":14.29318458,"remaining_time":4.764394859},
{"learn":[0.00518480286],"iteration":750,"passed_time":14.31167537,"remaining_time":4.745149356},
{"learn":[0.005181170303],"iteration":751,"passed_time":14.33090773,"remaining_time":4.726150421},
{"learn":[0.005176026807],"iteration":752,"passed_time":14.34869246,"remaining_time":4.706676012},
{"learn":[0.005172439787],"iteration":753,"passed_time":14.36772272,"remaining_time":4.687612452},
{"learn":[0.005168560856],"iteration":754,"passed_time":14.38673905,"remaining_time":4.668544459},
{"learn":[0.005165535476],"iteration":755,"passed_time":14.40418488,"remaining_time":4.648969724},
{"learn":[0.005157805052],"iteration":756,"passed_time":14.42321708,"remaining_time":4.629909841},
{"learn":[0.00515168365],"iteration":757,"passed_time":14.45055396,"remaining_time":4.613501395},
{"learn":[0.005144883259],"iteration":758,"passed_time":14.47856427,"remaining_time":4.597277983},
{"learn":[0.005141589904],"iteration":759,"passed_time":14.49531305,"remaining_time":4.57746728},
{"learn":[0.005137926987],"iteration":760,"passed_time":14.51384053,"remaining_time":4.558223242},
{"learn":[0.005132914268],"iteration":761,"passed_time":14.53264023,"remaining_time":4.539066108},
{"learn":[0.005131204829],"iteration":762,"passed_time":14.55114302,"remaining_time":4.519817687},
{"learn":[0.00512576475],"iteration":763,"passed_time":14.56913573,"remaining_time":4.500413654},
{"learn":[0.005121548951],"iteration":764,"passed_time":14.58672221,"remaining_time":4.480888523},
{"learn":[0.005111113667],"iteration":765,"passed_time":14.60360201,"remaining_time":4.461152573},
{"learn":[0.005105789186],"iteration":766,"passed_time":14.62058269,"remaining_time":4.441454715},
{"learn":[0.005101472385],"iteration":767,"passed_time":14.63939405,"remaining_time":4.422316951},
{"learn":[0.005096649993],"iteration":768,"passed_time":14.65772267,"remaining_time":4.403035028},
{"learn":[0.005093545797],"iteration":769,"passed_time":14.67616674,"remaining_time":4.383790065},
{"learn":[0.005088709976],"iteration":770,"passed_time":14.69331351,"remaining_time":4.364161861},
{"learn":[0.005083882329],"iteration":771,"passed_time":14.71191222,"remaining_time":4.344968894},
{"learn":[0.005079145175],"iteration":772,"passed_time":14.72978865,"remaining_time":4.325565359},
{"learn":[0.005075469415],"iteration":773,"passed_time":14.74681574,"remaining_time":4.305917774},
{"learn":[0.005071474302],"iteration":774,"passed_time":14.76478528,"remaining_time":4.286550565},
{"learn":[0.005066386853],"iteration":775,"passed_time":14.78361165,"remaining_time":4.267434289},
{"learn":[0.00504592146],"iteration":776,"passed_time":14.80024967,"remaining_time":4.247690702},
{"learn":[0.005042593659],"iteration":777,"passed_time":14.81749917,"remaining_time":4.228129582},
{"learn":[0.005039415901],"iteration":778,"passed_time":14.83368961,"remaining_time":4.208273945},
{"learn":[0.005036348486],"iteration":779,"passed_time":14.85122822,"remaining_time":4.18880796},
{"learn":[0.005033690915],"iteration":780,"passed_time":14.86918597,"remaining_time":4.169464439},
{"learn":[0.005029448261],"iteration":781,"passed_time":14.88737101,"remaining_time":4.150187826},
{"learn":[0.005025976839],"iteration":782,"passed_time":14.90471572,"remaining_time":4.130681114},
{"learn":[0.005023483907],"iteration":783,"passed_time":14.92187555,"remaining_time":4.111128978},
{"learn":[0.005020027665],"iteration":784,"passed_time":14.9386923,"remaining_time":4.091488974},
{"learn":[0.005014658812],"iteration":785,"passed_time":14.95651135,"remaining_time":4.072129043},
{"learn":[0.005010326249],"iteration":786,"passed_time":14.9772714,"remaining_time":4.053569007},
{"learn":[0.00500584481],"iteration":787,"passed_time":14.99631975,"remaining_time":4.034542878},
{"learn":[0.005003659554],"iteration":788,"passed_time":15.01353065,"remaining_time":4.015025308},
{"learn":[0.005000852524],"iteration":789,"passed_time":15.03086349,"remaining_time":3.995545991},
{"learn":[0.00499623739],"iteration":790,"passed_time":15.04915369,"remaining_time":3.976325059},
{"learn":[0.004994565315],"iteration":791,"passed_time":15.06687019,"remaining_time":3.956955809},
{"learn":[0.004990148681],"iteration":792,"passed_time":15.0849669,"remaining_time":3.937689974},
{"learn":[0.0049873796],"iteration":793,"passed_time":15.10233475,"remaining_time":3.918237984},
{"learn":[0.004984282994],"iteration":794,"passed_time":15.12134077,"remaining_time":3.899213657},
{"learn":[0.004978461677],"iteration":795,"passed_time":15.14047497,"remaining_time":3.880222228},
{"learn":[0.004976565998],"iteration":796,"passed_time":15.15898601,"remaining_time":3.861071719},
{"learn":[0.004972219423],"iteration":797,"passed_time":15.17656561,"remaining_time":3.841687034},
{"learn":[0.004967521969],"iteration":798,"passed_time":15.19354089,"remaining_time":3.822154843},
{"learn":[0.004964058137],"iteration":799,"passed_time":15.21364525,"remaining_time":3.803411314},
{"learn":[0.004960287796],"iteration":800,"passed_time":15.2314185,"remaining_time":3.784085246},
{"learn":[0.004956414703],"iteration":801,"passed_time":15.24914933,"remaining_time":3.764752579},
{"learn":[0.004950339423],"iteration":802,"passed_time":15.27189138,"remaining_time":3.746653304},
{"learn":[0.00494582529],"iteration":803,"passed_time":15.29118048,"remaining_time":3.727700714},
{"learn":[0.004941316995],"iteration":804,"passed_time":15.30934423,"remaining_time":3.70847469},
{"learn":[0.004935688924],"iteration":805,"passed_time":15.32887548,"remaining_time":3.689580451},
{"learn":[0.004931411824],"iteration":806,"passed_time":15.34625046,"remaining_time":3.670168944},
{"learn":[0.004926391515],"iteration":807,"passed_time":15.36557745,"remaining_time":3.651226325},
{"learn":[0.004922222422],"iteration":808,"passed_time":15.38349482,"remaining_time":3.631949951},
{"learn":[0.00491931264],"iteration":809,"passed_time":15.40170524,"remaining_time":3.612745673},
{"learn":[0.004918322473],"iteration":810,"passed_time":15.41866105,"remaining_time":3.593251467},
{"learn":[0.004915190837],"iteration":811,"passed_time":15.43938363,"remaining_time":3.574635619},
{"learn":[0.004906403107],"iteration":812,"passed_time":15.4586283,"remaining_time":3.555674651},
{"learn":[0.004902306992],"iteration":813,"passed_time":15.47604746,"remaining_time":3.536295857},
{"learn":[0.004897895029],"iteration":814,"passed_time":15.52648382,"remaining_time":3.524416574},
{"learn":[0.004892751533],"iteration":815,"passed_time":15.54372312,"remaining_time":3.504957175},
{"learn":[0.004888014087],"iteration":816,"passed_time":15.56308475,"remaining_time":3.485978592},
{"learn":[0.004886020033],"iteration":817,"passed_time":15.58046171,"remaining_time":3.466557495},
{"learn":[0.004881888889],"iteration":818,"passed_time":15.59829995,"remaining_time":3.447243335},
{"learn":[0.004877650322],"iteration":819,"passed_time":15.61488197,"remaining_time":3.427657017},
{"learn":[0.004873662798],"iteration":820,"passed_time":15.63452083,"remaining_time":3.408744494},
{"learn":[0.004872384222],"iteration":821,"passed_time":15.65283785,"remaining_time":3.389543962},
{"learn":[0.004869499252],"iteration":822,"passed_time":15.66925642,"remaining_time":3.369937285},
{"learn":[0.00486407552],"iteration":823,"passed_time":15.68838874,"remaining_time":3.350917982},
{"learn":[0.004861264112],"iteration":824,"passed_time":15.70602846,"remaining_time":3.331581795},
{"learn":[0.004854443871],"iteration":825,"passed_time":15.72573325,"remaining_time":3.312684728},
{"learn":[0.004851727627],"iteration":826,"passed_time":15.74336895,"remaining_time":3.293352876},
{"learn":[0.004847322669],"iteration":827,"passed_time":15.7612487,"remaining_time":3.274075816},
{"learn":[0.00484456614],"iteration":828,"passed_time":15.77904018,"remaining_time":3.254783922},
{"learn":[0.004841706859],"iteration":829,"passed_time":15.79606714,"remaining_time":3.235339053},
{"learn":[0.004838441527],"iteration":830,"passed_time":15.81422471,"remaining_time":3.216129934},
{"learn":[0.004834042407],"iteration":831,"passed_time":15.83226829,"remaining_time":3.196900327},
{"learn":[0.004830307972],"iteration":832,"passed_time":15.84978416,"remaining_time":3.177567774},
{"learn":[0.004825583078],"iteration":833,"passed_time":15.86703356,"remaining_time":3.158186536},
{"learn":[0.004821309773],"iteration":834,"passed_time":15.88588905,"remaining_time":3.139127776},
{"learn":[0.004817927384],"iteration":835,"passed_time":15.90315397,"remaining_time":3.119757478},
{"learn":[0.004815775114],"iteration":836,"passed_time":15.91960828,"remaining_time":3.100234349},
{"learn":[0.004812314785],"iteration":837,"passed_time":15.93735279,"remaining_time":3.080967961},
{"learn":[0.004810511059],"iteration":838,"passed_time":15.95445563,"remaining_time":3.06158207},
{"learn":[0.004802667665],"iteration":839,"passed_time":15.97305718,"remaining_time":3.042487081},
{"learn":[0.004797634804],"iteration":840,"passed_time":15.99137703,"remaining_time":3.02334001},
{"learn":[0.004793835272],"iteration":841,"passed_time":16.0093418,"remaining_time":3.004128272},
{"learn":[0.004792062196],"iteration":842,"passed_time":16.0285977,"remaining_time":2.985159952},
{"learn":[0.004789420389],"iteration":843,"passed_time":16.04748635,"remaining_time":2.96612307},
{"learn":[0.004786557313],"iteration":844,"passed_time":16.06575644,"remaining_time":2.946973075},
{"learn":[0.004780562016],"iteration":845,"passed_time":16.08357532,"remaining_time":2.927743025},
{"learn":[0.004778573217],"iteration":846,"passed_time":16.1019742,"remaining_time":2.908621077},
{"learn":[0.004775618772],"iteration":847,"passed_time":16.11836468,"remaining_time":2.88914084},
{"learn":[0.004773320838],"iteration":848,"passed_time":16.13670248,"remaining_time":2.870014222},
{"learn":[0.004769589322],"iteration":849,"passed_time":16.15417456,"remaining_time":2.850736687},
{"learn":[0.004765280695],"iteration":850,"passed_time":16.17288106,"remaining_time":2.831679528},
{"learn":[0.004762055355],"iteration":851,"passed_time":16.19264868,"remaining_time":2.812807516},
{"learn":[0.004757066281],"iteration":852,"passed_time":16.21194337,"remaining_time":2.793851906},
{"learn":[0.004753362497],"iteration":853,"passed_time":16.23030862,"remaining_time":2.774736602},
{"learn":[0.004751573366],"iteration":854,"passed_time":16.24806537,"remaining_time":2.755519859},
{"learn":[0.004745845461],"iteration":855,"passed_time":16.26591466,"remaining_time":2.736322092},
{"learn":[0.004744038523],"iteration":856,"passed_time":16.28586934,"remaining_time":2.717478781},
{"learn":[0.004740067055],"iteration":857,"passed_time":16.30419173,"remaining_time":2.698362734},
{"learn":[0.004737257399],"iteration":858,"passed_time":16.32432807,"remaining_time":2.679546284},
{"learn":[0.004721471653],"iteration":859,"passed_time":16.34193222,"remaining_time":2.660314548},
{"learn":[0.004716943217],"iteration":860,"passed_time":16.361126,"remaining_time":2.641343222},
{"learn":[0.004712500602],"iteration":861,"passed_time":16.37895581,"remaining_time":2.622153019},
{"learn":[0.004705946585],"iteration":862,"passed_time":16.39781092,"remaining_time":2.603128733},
{"learn":[0.004701602637],"iteration":863,"passed_time":16.41607063,"remaining_time":2.584011118},
{"learn":[0.004695088904],"iteration":864,"passed_time":16.43549126,"remaining_time":2.565076671},
{"learn":[0.004694190106],"iteration":865,"passed_time":16.45306815,"remaining_time":2.54585581},
{"learn":[0.004688954658],"iteration":866,"passed_time":16.47188758,"remaining_time":2.526829351},
{"learn":[0.004685884907],"iteration":867,"passed_time":16.49056435,"remaining_time":2.507781676},
{"learn":[0.004683075834],"iteration":868,"passed_time":16.51011248,"remaining_time":2.488866208},
{"learn":[0.00468035959],"iteration":869,"passed_time":16.5391913,"remaining_time":2.471373413},
{"learn":[0.004677592552],"iteration":870,"passed_time":16.55651876,"remaining_time":2.452113571},
{"learn":[0.004675548874],"iteration":871,"passed_time":16.5746082,"remaining_time":2.432970011},
{"learn":[0.004674257745],"iteration":872,"passed_time":16.59134912,"remaining_time":2.41363269},
{"learn":[0.004668207277],"iteration":873,"passed_time":16.60827831,"remaining_time":2.394328452},
{"learn":[0.0046641062],"iteration":874,"passed_time":16.62469525,"remaining_time":2.374956465},
{"learn":[0.004661388204],"iteration":875,"passed_time":16.64282542,"remaining_time":2.355833735},
{"learn":[0.004659158286],"iteration":876,"passed_time":16.66203656,"remaining_time":2.336864877},
{"learn":[0.00465543757],"iteration":877,"passed_time":16.68001318,"remaining_time":2.317723927},
{"learn":[0.004647217318],"iteration":878,"passed_time":16.69762536,"remaining_time":2.298535459},
{"learn":[0.004641481824],"iteration":879,"passed_time":16.71568627,"remaining_time":2.279411763},
{"learn":[0.004637911735],"iteration":880,"passed_time":16.73507041,"remaining_time":2.260469216},
{"learn":[0.004634955247],"iteration":881,"passed_time":16.75736411,"remaining_time":2.241914926},
{"learn":[0.004630385066],"iteration":882,"passed_time":16.77574722,"remaining_time":2.222834003},
{"learn":[0.004628754152],"iteration":883,"passed_time":16.79386474,"remaining_time":2.203719807},
{"learn":[0.004624678179],"iteration":884,"passed_time":16.81159044,"remaining_time":2.184556949},
{"learn":[0.004620934695],"iteration":885,"passed_time":16.82863911,"remaining_time":2.165310224},
{"learn":[0.004617051385],"iteration":886,"passed_time":16.84653513,"remaining_time":2.146176403},
{"learn":[0.004614052569],"iteration":887,"passed_time":16.86340257,"remaining_time":2.126915639},
{"learn":[0.00461174471],"iteration":888,"passed_time":16.88059006,"remaining_time":2.107700222},
{"learn":[0.004607181827],"iteration":889,"passed_time":16.89914164,"remaining_time":2.088657955},
{"learn":[0.004601372187],"iteration":890,"passed_time":16.91756559,"remaining_time":2.069601178},
{"learn":[0.004597664316],"iteration":891,"passed_time":16.93802592,"remaining_time":2.050792376},
{"learn":[0.004595169633],"iteration":892,"passed_time":16.95668282,"remaining_time":2.031763787},
{"learn":[0.004590260834],"iteration":893,"passed_time":16.97578539,"remaining_time":2.012788871},
{"learn":[0.004585297448],"iteration":894,"passed_time":16.99338959,"remaining_time":1.993637885},
{"learn":[0.004582324321],"iteration":895,"passed_time":17.01144644,"remaining_time":1.97454289},
{"learn":[0.004579894442],"iteration":896,"passed_time":17.02811823,"remaining_time":1.955291169},
{"learn":[0.00457397154],"iteration":897,"passed_time":17.04528201,"remaining_time":1.936101075},
{"learn":[0.004570629727],"iteration":898,"passed_time":17.06491622,"remaining_time":1.917193034},
{"learn":[0.004569542937],"iteration":899,"passed_time":17.08259124,"remaining_time":1.898065693},
{"learn":[0.004567987628],"iteration":900,"passed_time":17.09930156,"remaining_time":1.878835577},
{"learn":[0.00456588148],"iteration":901,"passed_time":17.11593976,"remaining_time":1.859603211},
{"learn":[0.004561733989],"iteration":902,"passed_time":17.13377918,"remaining_time":1.840505626},
{"learn":[0.004559575589],"iteration":903,"passed_time":17.14999129,"remaining_time":1.821238013},
{"learn":[0.004556637491],"iteration":904,"passed_time":17.1691358,"remaining_time":1.802284974},
{"learn":[0.004555168004],"iteration":905,"passed_time":17.18609012,"remaining_time":1.783104273},
{"learn":[0.004552680327],"iteration":906,"passed_time":17.20316445,"remaining_time":1.763940787},
{"learn":[0.004550156744],"iteration":907,"passed_time":17.22033441,"remaining_time":1.744791593},
{"learn":[0.004548394177],"iteration":908,"passed_time":17.23822399,"remaining_time":1.725718793},
{"learn":[0.004546943081],"iteration":909,"passed_time":17.25754799,"remaining_time":1.70679046},
{"learn":[0.004544185677],"iteration":910,"passed_time":17.27666246,"remaining_time":1.687840789},
{"learn":[0.004539940103],"iteration":911,"passed_time":17.2939571,"remaining_time":1.668715159},
{"learn":[0.004536635655],"iteration":912,"passed_time":17.31175877,"remaining_time":1.649641855},
{"learn":[0.004534521625],"iteration":913,"passed_time":17.32856843,"remaining_time":1.630477992},
{"learn":[0.004533234],"iteration":914,"passed_time":17.34655799,"remaining_time":1.611428884},
{"learn":[0.004530753912],"iteration":915,"passed_time":17.36469186,"remaining_time":1.592395323},
{"learn":[0.004527543168],"iteration":916,"passed_time":17.38288072,"remaining_time":1.573368702},
{"learn":[0.004524190555],"iteration":917,"passed_time":17.40466578,"remaining_time":1.554665135},
{"learn":[0.00451854964],"iteration":918,"passed_time":17.42505932,"remaining_time":1.535832214},
{"learn":[0.0045124729],"iteration":919,"passed_time":17.44631799,"remaining_time":1.51707113},
{"learn":[0.004509923921],"iteration":920,"passed_time":17.4639533,"remaining_time":1.497993823},
{"learn":[0.004505779933],"iteration":921,"passed_time":17.48307542,"remaining_time":1.479045426},
{"learn":[0.004504541349],"iteration":922,"passed_time":17.50198896,"remaining_time":1.460079252},
{"learn":[0.004501907131],"iteration":923,"passed_time":17.51838589,"remaining_time":1.440906199},
{"learn":[0.004497354466],"iteration":924,"passed_time":17.53685897,"remaining_time":1.421907484},
{"learn":[0.004495249194],"iteration":925,"passed_time":17.55696982,"remaining_time":1.403040785},
{"learn":[0.004492487411],"iteration":926,"passed_time":17.59818166,"remaining_time":1.385833076},
{"learn":[0.004487525192],"iteration":927,"passed_time":17.61482602,"remaining_time":1.366667536},
{"learn":[0.004482908014],"iteration":928,"passed_time":17.63220404,"remaining_time":1.347563495},
{"learn":[0.004479181461],"iteration":929,"passed_time":17.65025095,"remaining_time":1.328513513},
{"learn":[0.004475727554],"iteration":930,"passed_time":17.66847432,"remaining_time":1.309478763},
{"learn":[0.004474601939],"iteration":931,"passed_time":17.68819266,"remaining_time":1.290554829},
{"learn":[0.004469848146],"iteration":932,"passed_time":17.70643783,"remaining_time":1.271523403},
{"learn":[0.004469158357],"iteration":933,"passed_time":17.72402455,"remaining_time":1.252447131},
{"learn":[0.004465860623],"iteration":934,"passed_time":17.74327452,"remaining_time":1.233489672},
{"learn":[0.004463462855],"iteration":935,"passed_time":17.7623687,"remaining_time":1.214520937},
{"learn":[0.004458637543],"iteration":936,"passed_time":17.78028754,"remaining_time":1.195472908},
{"learn":[0.004454661405],"iteration":937,"passed_time":17.79691453,"remaining_time":1.176341899},
{"learn":[0.00445244725],"iteration":938,"passed_time":17.81469364,"remaining_time":1.157291067},
{"learn":[0.00444925402],"iteration":939,"passed_time":17.83230201,"remaining_time":1.138232043},
{"learn":[0.004444079873],"iteration":940,"passed_time":17.85110106,"remaining_time":1.119250757},
{"learn":[0.004440699528],"iteration":941,"passed_time":17.86838811,"remaining_time":1.100176763},
{"learn":[0.004436302744],"iteration":942,"passed_time":17.88852144,"remaining_time":1.081278602},
{"learn":[0.004432360467],"iteration":943,"passed_time":17.90849112,"remaining_time":1.062368117},
{"learn":[0.004428150215],"iteration":944,"passed_time":17.92796889,"remaining_time":1.043426761},
{"learn":[0.004424738051],"iteration":945,"passed_time":17.94657748,"remaining_time":1.024434655},
{"learn":[0.00442176142],"iteration":946,"passed_time":17.96434193,"remaining_time":1.005396116},
{"learn":[0.004418756182],"iteration":947,"passed_time":17.98239763,"remaining_time":0.986376241},
{"learn":[0.004415081589],"iteration":948,"passed_time":17.99958911,"remaining_time":0.9673119542},
{"learn":[0.004413491251],"iteration":949,"passed_time":18.01808332,"remaining_time":0.9483201746},
{"learn":[0.004410725381],"iteration":950,"passed_time":18.0367308,"remaining_time":0.9293373386},
{"learn":[0.004404169029],"iteration":951,"passed_time":18.05417358,"remaining_time":0.910294466},
{"learn":[0.004400222958],"iteration":952,"passed_time":18.07360275,"remaining_time":0.8913529163},
{"learn":[0.004396545737],"iteration":953,"passed_time":18.09149752,"remaining_time":0.8723363583},
{"learn":[0.004393901303],"iteration":954,"passed_time":18.10958449,"remaining_time":0.8533312064},
{"learn":[0.004391187102],"iteration":955,"passed_time":18.13158853,"remaining_time":0.8345082589},
{"learn":[0.004387385235],"iteration":956,"passed_time":18.14833164,"remaining_time":0.8154422784},
{"learn":[0.004371735229],"iteration":957,"passed_time":18.16746565,"remaining_time":0.7964859679},
{"learn":[0.004368401881],"iteration":958,"passed_time":18.18458822,"remaining_time":0.7774432919},
{"learn":[0.00435258636],"iteration":959,"passed_time":18.20219961,"remaining_time":0.7584249839},
{"learn":[0.00434983567],"iteration":960,"passed_time":18.21962275,"remaining_time":0.7394019639},
{"learn":[0.004347213129],"iteration":961,"passed_time":18.23985382,"remaining_time":0.7204931864},
{"learn":[0.004345400937],"iteration":962,"passed_time":18.25756442,"remaining_time":0.701484822},
{"learn":[0.004339565901],"iteration":963,"passed_time":18.27567452,"remaining_time":0.6824940691},
{"learn":[0.004337963594],"iteration":964,"passed_time":18.29364878,"remaining_time":0.6635002147},
{"learn":[0.004336787479],"iteration":965,"passed_time":18.31239321,"remaining_time":0.6445355788},
{"learn":[0.004335426291],"iteration":966,"passed_time":18.32972183,"remaining_time":0.6255230822},
{"learn":[0.004332170593],"iteration":967,"passed_time":18.34759391,"remaining_time":0.6065320299},
{"learn":[0.004331179258],"iteration":968,"passed_time":18.36499908,"remaining_time":0.5875283505},
{"learn":[0.004328876945],"iteration":969,"passed_time":18.38146554,"remaining_time":0.5684989342},
{"learn":[0.004311460577],"iteration":970,"passed_time":18.3987361,"remaining_time":0.5494988126},
{"learn":[0.004308897295],"iteration":971,"passed_time":18.41643061,"remaining_time":0.530514462},
{"learn":[0.004306197397],"iteration":972,"passed_time":18.43419234,"remaining_time":0.511534628},
{"learn":[0.00430459976],"iteration":973,"passed_time":18.45361669,"remaining_time":0.4926016776},
{"learn":[0.004303338991],"iteration":974,"passed_time":18.47133205,"remaining_time":0.4736238988},
{"learn":[0.004301403904],"iteration":975,"passed_time":18.48832642,"remaining_time":0.4546309775},
{"learn":[0.004298645624],"iteration":976,"passed_time":18.50617867,"remaining_time":0.4356623432},
{"learn":[0.00429594485],"iteration":977,"passed_time":18.52405659,"remaining_time":0.4166965694},
{"learn":[0.004293780904],"iteration":978,"passed_time":18.54361677,"remaining_time":0.3977691033},
{"learn":[0.004292069422],"iteration":979,"passed_time":18.56046072,"remaining_time":0.3787849127},
{"learn":[0.004288942164],"iteration":980,"passed_time":18.5787982,"remaining_time":0.3598340121},
{"learn":[0.004284942965],"iteration":981,"passed_time":18.59802573,"remaining_time":0.3409006753},
{"learn":[0.004282170089],"iteration":982,"passed_time":18.62081868,"remaining_time":0.3220284003},
{"learn":[0.004278749168],"iteration":983,"passed_time":18.63971809,"remaining_time":0.3030848469},
{"learn":[0.00427646437],"iteration":984,"passed_time":18.65864262,"remaining_time":0.2841417659},
{"learn":[0.004273719518],"iteration":985,"passed_time":18.67584023,"remaining_time":0.265174202},
{"learn":[0.00426907344],"iteration":986,"passed_time":18.69303429,"remaining_time":0.246210178},
{"learn":[0.004265302516],"iteration":987,"passed_time":18.71192527,"remaining_time":0.2272703474},
{"learn":[0.004261594061],"iteration":988,"passed_time":18.72960197,"remaining_time":0.2083171099},
{"learn":[0.004258395577],"iteration":989,"passed_time":18.74838394,"remaining_time":0.1893776156},
{"learn":[0.00425450205],"iteration":990,"passed_time":18.76842071,"remaining_time":0.1704498349},
{"learn":[0.004253078102],"iteration":991,"passed_time":18.78577852,"remaining_time":0.1514982139},
{"learn":[0.00425033033],"iteration":992,"passed_time":18.80408191,"remaining_time":0.1325564687},
{"learn":[0.004247780768],"iteration":993,"passed_time":18.82272343,"remaining_time":0.1136180489},
{"learn":[0.004244263515],"iteration":994,"passed_time":18.84067179,"remaining_time":0.09467674269},
{"learn":[0.004240354809],"iteration":995,"passed_time":18.86007991,"remaining_time":0.07574329281},
{"learn":[0.004238479564],"iteration":996,"passed_time":18.87682293,"remaining_time":0.0568008714},
{"learn":[0.00423623826],"iteration":997,"passed_time":18.89460921,"remaining_time":0.03786494831},
{"learn":[0.004232058367],"iteration":998,"passed_time":18.9115485,"remaining_time":0.01893047898},
{"learn":[0.004228141779],"iteration":999,"passed_time":18.93024398,"remaining_time":0}
]}